-- phpMyAdmin SQL Dump
-- version 4.0.10deb1
-- http://www.phpmyadmin.net
--
-- Servidor: localhost
-- Tiempo de generación: 04-12-2018 a las 16:10:52
-- Versión del servidor: 5.6.33-0ubuntu0.14.04.1
-- Versión de PHP: 5.5.9-1ubuntu4.22

SET SQL_MODE = "NO_AUTO_VALUE_ON_ZERO";
SET time_zone = "+00:00";


/*!40101 SET @OLD_CHARACTER_SET_CLIENT=@@CHARACTER_SET_CLIENT */;
/*!40101 SET @OLD_CHARACTER_SET_RESULTS=@@CHARACTER_SET_RESULTS */;
/*!40101 SET @OLD_COLLATION_CONNECTION=@@COLLATION_CONNECTION */;
/*!40101 SET NAMES utf8 */;

--
-- Base de datos: `bd_regContrato`
--

-- --------------------------------------------------------

--
-- Estructura de tabla para la tabla `bitacora`
--

CREATE TABLE IF NOT EXISTS `bitacora` (
  `id` int(11) NOT NULL AUTO_INCREMENT,
  `last_activity` datetime DEFAULT NULL,
  `ip_address` varchar(15) DEFAULT NULL,
  `id_usuario` int(11) DEFAULT NULL,
  `user` varchar(20) DEFAULT NULL,
  `rol` varchar(20) DEFAULT NULL,
  `area` varchar(20) DEFAULT NULL,
  `descripcion` enum('Insertar contrato','Modificar contrato','Modificar ficha de cliente','Cancelar contrato','Cambiar contrato') DEFAULT NULL COMMENT 'cambiar contrato: para cuando se cambia de caduco a vigente',
  PRIMARY KEY (`id`)
) ENGINE=InnoDB DEFAULT CHARSET=latin1 AUTO_INCREMENT=1 ;

-- --------------------------------------------------------

--
-- Estructura de tabla para la tabla `contrato_ficha`
--

CREATE TABLE IF NOT EXISTS `contrato_ficha` (
  `id` int(11) DEFAULT NULL,
  `contrato_id` int(11) DEFAULT NULL,
  `ficha_id` int(11) DEFAULT NULL,
  KEY `contrato_id` (`contrato_id`)
) ENGINE=InnoDB DEFAULT CHARSET=latin1;

-- --------------------------------------------------------

--
-- Estructura de tabla para la tabla `contratro_provedor`
--

CREATE TABLE IF NOT EXISTS `contratro_provedor` (
  `id_contrato` int(10) NOT NULL AUTO_INCREMENT,
  `no_contrato` varchar(255) DEFAULT NULL,
  `no_suplemento` varchar(255) DEFAULT NULL,
  `fecha_firma` date DEFAULT NULL,
  `vigencia` int(10) DEFAULT NULL,
  `fecha_expira` date DEFAULT NULL,
  `observaciones` text,
  `documento` varchar(3000) DEFAULT NULL,
  `idTipoServicio` int(10) DEFAULT NULL,
  `idEmpresa` int(10) DEFAULT NULL,
  `estado_contrato` enum('0','1','2') DEFAULT '1' COMMENT '1 contratos activos - cuando se insertan estan 0 contrato cancelados\r\n2 contrato modificado\r\ncancelados',
  `fecha_cancelacion` date DEFAULT NULL,
  `periodo` enum('d','m','y') DEFAULT NULL COMMENT 'especifica el periodo de la vigencia del contrato\r\nd  días\r\nm  meses\r\ny  años',
  `fecha_modificacion` date DEFAULT NULL COMMENT 'se guarda la fecha de la ultima modificacion reralizada sobre el contrato\r\n',
  `id_procesos` int(11) DEFAULT NULL COMMENT 'id del proceso ',
  `pdf` blob,
  `tipo_persona` enum('1','2','3') NOT NULL COMMENT '1 Persona natural, 2 Emp_estatal, 3 Emp_NoEstatal',
  PRIMARY KEY (`id_contrato`),
  KEY `FKcontratro_82297` (`idTipoServicio`),
  KEY `FKcontratro_853598` (`idEmpresa`)
) ENGINE=InnoDB  DEFAULT CHARSET=latin1 AVG_ROW_LENGTH=442 AUTO_INCREMENT=444 ;

--
-- Volcado de datos para la tabla `contratro_provedor`
--

INSERT INTO `contratro_provedor` (`id_contrato`, `no_contrato`, `no_suplemento`, `fecha_firma`, `vigencia`, `fecha_expira`, `observaciones`, `documento`, `idTipoServicio`, `idEmpresa`, `estado_contrato`, `fecha_cancelacion`, `periodo`, `fecha_modificacion`, `id_procesos`, `pdf`, `tipo_persona`) VALUES
(1, 'No. 10/13', NULL, '2013-05-10', NULL, '2016-05-10', NULL, 'Ctto 10-13 UASI BCC', 29, 15, '1', NULL, NULL, NULL, NULL, NULL, ''),
(2, '', 'No.1 Contrato 43/10', '2010-12-28', NULL, '2011-12-28', NULL, '', 13, 86, '1', NULL, '', NULL, NULL, NULL, ''),
(3, '1BNUH017', NULL, '2010-11-24', 2, '2012-11-24', NULL, 'Ctto Corp Cimex IBNUH017 2011', 10, 39, '1', NULL, 'y', NULL, NULL, NULL, ''),
(4, '3709', NULL, '2012-06-29', 1, '2013-06-29', NULL, 'Ctto 3709 Comerc Mayabeque', 14, 128, '1', NULL, 'y', NULL, NULL, NULL, ''),
(5, '101-11', NULL, '2011-12-27', 1, '2012-12-27', NULL, 'Ctto Impresos de Seguridad No. 101-11', 10, 58, '1', NULL, 'y', NULL, NULL, NULL, ''),
(6, '54-12', '', '2012-02-01', 2, '2014-02-01', '', 'CIMEX ctto  cp-vta no 54-12', 10, 23, '2', NULL, 'y', '2015-11-30', NULL, NULL, ''),
(7, '105/12', NULL, '2012-11-07', 1, '2013-11-07', NULL, 'Ctto 105-12 Sumarpo', 10, 123, '1', NULL, 'y', NULL, NULL, NULL, ''),
(8, '', '', '2013-02-21', NULL, '2014-02-21', NULL, 'Ctto CCE E Che Guevara 2013', 0, 0, '1', NULL, '', NULL, NULL, NULL, ''),
(9, 'CS-051-12', NULL, '2012-03-16', NULL, '0000-00-00', 'Vigente hasta que las partes manifiesten su intenci&oacute;n de terminarlo.\r\n', 'Ctto Cubacafe CS051-12', 10, 57, '1', NULL, NULL, NULL, NULL, NULL, ''),
(10, '36017', NULL, '2011-04-21', 0, '0000-00-00', '<p>\n	Vigente hasta que las partes manifiesten su intenci&oacute;n de terminarlo.</p>\n', 'Ctto 36017 Cafe Comercial', 10, 57, '1', NULL, NULL, NULL, NULL, NULL, ''),
(11, '75-2010', NULL, '2010-04-07', 5, '2015-04-07', NULL, 'Ctto 75-2010 CASTROL', 10, 18, '1', NULL, 'y', NULL, NULL, NULL, ''),
(12, '', 'Sumplemento No.1 Contrato 75/10', '0000-00-00', NULL, '0000-00-00', NULL, 'suplemento No. 1 Ctto CASTROL 75-2010', 0, 0, '1', NULL, '', NULL, NULL, NULL, ''),
(13, 'S/N', NULL, '2013-03-11', 2, '2015-03-11', NULL, NULL, 42, 117, '1', NULL, 'y', NULL, NULL, NULL, ''),
(14, 'S/N', NULL, '2013-03-11', 2, '2015-03-11', NULL, NULL, 10, 117, '1', NULL, 'y', NULL, NULL, NULL, ''),
(15, '3,062E+11', NULL, '2013-05-02', 1, '2014-05-02', NULL, NULL, 10, 41, '1', NULL, 'y', NULL, NULL, NULL, ''),
(16, '29-13-H-124-10-192', NULL, '2013-04-23', 1, '2014-04-23', NULL, 'Ctto Tecnoazucar 29 13 H 124-10-192', 10, 124, '1', NULL, 'y', NULL, NULL, NULL, ''),
(17, '14123-13-83-13', NULL, '2013-03-14', 3, '2016-03-14', NULL, 'Ctto Grito de Baire 14123-138313', 10, 21, '1', NULL, 'y', NULL, NULL, NULL, ''),
(18, 'CRL-06-2011', NULL, '2011-01-11', 3, '2014-01-11', '<p>\n	Prorrogable por igual per&iacute;odo t&aacute;citamente</p>\n', NULL, 10, 34, '1', NULL, 'y', NULL, NULL, NULL, ''),
(19, '70/2012', NULL, '2012-01-23', NULL, '2013-01-23', NULL, 'Ctto 70-2012 Sitrans', 10, 120, '1', NULL, 'y', NULL, NULL, NULL, ''),
(20, '41/2012', NULL, '2012-02-01', 1, '2013-02-01', NULL, 'Ctto 41-2012 Suchel', 10, 122, '1', NULL, 'y', NULL, NULL, NULL, ''),
(21, '', '', '2012-10-02', NULL, '2014-10-02', NULL, 'Ctto 2012 D Leone', 0, 0, '1', NULL, '', NULL, NULL, NULL, ''),
(22, 'oct-12', NULL, '2012-01-26', 2, '2014-01-26', NULL, 'Ctto 10-2012 Helposs', 10, 41, '1', NULL, 'y', NULL, NULL, NULL, ''),
(23, '13-60385', NULL, '2013-01-24', 11, '2013-12-31', NULL, 'Ctto CV-13-60385 Transimport', 10, 125, '1', NULL, 'm', NULL, NULL, NULL, ''),
(24, '30-2013', NULL, '2012-10-31', NULL, '0000-00-00', '<p>\n	No expresa per&iacute;odo de vigencia.</p>\n', NULL, 10, 70, '1', NULL, NULL, NULL, NULL, NULL, ''),
(25, '210086-13', NULL, '2013-01-22', 1, '2014-01-22', NULL, 'Ctto Segurmatica 210086-2013', 42, 111, '1', NULL, 'y', NULL, NULL, NULL, ''),
(26, '', 'No. 1 y 2 Contrato 38/2009', '2012-01-26', 1, '2013-01-26', '', '      ', 42, 84, '2', NULL, 'y', '2015-11-27', NULL, NULL, ''),
(27, '', 'No.3 Contrato 38/2009', '2013-02-27', 1, '2014-02-27', '', ' ', 42, 84, '2', NULL, 'y', '2015-11-27', NULL, NULL, ''),
(28, '60-2010', NULL, '2010-03-16', 2, '2012-03-16', NULL, 'Ctto Marco EICMA No. 60 2010', 10, 55, '1', NULL, 'y', NULL, NULL, NULL, ''),
(29, '212/2012', NULL, '2012-07-19', 2, '2014-07-19', NULL, NULL, 10, 72, '1', NULL, 'y', NULL, NULL, NULL, ''),
(30, '51/2013', NULL, '2013-02-12', 1, '2014-02-12', NULL, NULL, 42, 113, '1', NULL, 'y', NULL, NULL, NULL, ''),
(31, '165', NULL, '2011-11-28', NULL, '0000-00-00', NULL, 'Ctto ETECSA 0165.rar', 42, 79, '1', NULL, NULL, NULL, NULL, NULL, ''),
(32, 'CPV-600-11', NULL, '2011-11-16', 1, '2015-12-01', '<p>\n	Prorrogable por igual per&iacute;odo t&aacute;citamente</p>\n', 'Ctto Prestamo CPV Mercedes 600-11', 42, 97, '1', NULL, 'y', NULL, NULL, NULL, ''),
(33, '', 'No 1 al Contrato 264-2012', '2012-11-13', 2, '2014-11-13', '', 'Suplemento Ctto DESOFT 264-2012 ', 42, 53, '2', NULL, 'y', '2015-11-26', NULL, NULL, ''),
(34, NULL, 'No.1 Contrato 264/12', '2012-11-13', NULL, '0000-00-00', NULL, 'Suplemento Ctto DESOFT 264-2012', 42, 53, '1', NULL, NULL, NULL, NULL, NULL, ''),
(35, 'No. 12-2013', NULL, '2012-10-30', 3, '2015-10-30', NULL, 'Ctto Producciones Graficas', 10, 71, '1', NULL, 'y', NULL, NULL, NULL, ''),
(36, '966/2012', NULL, '2012-06-12', 2, '2014-06-12', NULL, 'Ctto 966-2012 Isla Azul', 39, 92, '1', NULL, 'y', NULL, NULL, NULL, ''),
(37, 'feb-12', NULL, '2012-08-17', 1, '2013-08-17', NULL, NULL, 42, 14, '1', NULL, 'y', NULL, NULL, NULL, ''),
(38, '5.2.81', NULL, '2008-05-28', 1, '2009-05-28', NULL, NULL, 42, 102, '1', NULL, 'y', NULL, NULL, NULL, ''),
(39, '154-2012', NULL, '2012-11-20', 1, '2013-11-20', NULL, 'Ctto 154-12 Periodico Tribuna', 45, 105, '1', NULL, 'y', NULL, NULL, NULL, ''),
(40, '10-262', NULL, '2010-10-08', 1, '2011-10-08', NULL, 'Ctto Servc CSO 10 262 JRamon Rdguez', 42, 129, '1', NULL, 'y', NULL, NULL, NULL, ''),
(41, '2011-003', NULL, '2011-02-28', 1, '2012-02-28', NULL, 'Ctto Serv Tec 2011-3 Antsys', 42, 11, '1', NULL, 'y', NULL, NULL, NULL, ''),
(42, '12.13', NULL, '2013-04-16', NULL, '0000-00-00', NULL, 'Ctto CONAS no. 12-13', 42, 30, '1', NULL, NULL, NULL, NULL, NULL, ''),
(43, '1685452', NULL, '2011-02-07', NULL, '0000-00-00', NULL, 'Ctto ETECSA cel 2011', 50, 79, '1', NULL, NULL, NULL, NULL, NULL, ''),
(44, '192-13A', NULL, '2013-02-28', 1, '2014-02-28', NULL, 'Ctto CIH 192-2013', 42, 22, '1', NULL, 'y', NULL, NULL, NULL, ''),
(45, NULL, 'No. 1 Contrato FF00180400', '2012-05-16', 2, '2014-05-16', NULL, 'Ctto SASA Fiat FF00180400', 42, 5, '1', NULL, 'y', NULL, NULL, NULL, ''),
(46, '200510-PAG-704', NULL, '2010-10-05', 1, '2011-10-05', NULL, 'Movitel_200510-PA6-704', 42, 99, '1', NULL, 'y', NULL, NULL, NULL, ''),
(47, '221', NULL, '2010-10-21', NULL, '0000-00-00', '<p>\n	Vigente hasta que las partes manifiesten su intenci&oacute;n de terminarlo.</p>\n', 'UEB Especial CTto 00221', 42, 64, '1', NULL, NULL, NULL, NULL, NULL, ''),
(48, '3362', NULL, '2013-03-22', 1, '2014-03-22', NULL, NULL, 42, 98, '1', NULL, 'y', NULL, NULL, NULL, ''),
(49, 'CS-64-2013', NULL, '2013-01-27', 11, '2013-12-31', NULL, NULL, 42, 66, '1', NULL, 'm', NULL, NULL, NULL, ''),
(50, '915-201331', NULL, '2013-03-12', 1, '2014-03-12', NULL, NULL, 42, 41, '1', NULL, 'y', NULL, NULL, NULL, ''),
(51, '043/13', NULL, '2013-06-10', 1, '2014-06-10', NULL, 'Ctto Servc 043-13 Ranko Alain', 42, 51, '1', NULL, 'y', NULL, NULL, NULL, ''),
(52, '27-13', NULL, '2013-02-06', 10, '2014-12-30', NULL, 'Ctto MN p Mesas EGREM', 41, 17, '1', NULL, 'y', NULL, NULL, NULL, ''),
(53, '82/2013', NULL, '2013-03-25', 1, '2014-03-25', NULL, 'Ctto Marco de Servc Gecyt', 42, 86, '1', NULL, 'y', NULL, NULL, NULL, ''),
(54, 'C01-09-13', NULL, '2013-04-30', 1, '2014-04-30', NULL, 'Ctto ESAC C01 09 13', 42, 77, '1', NULL, 'y', NULL, NULL, NULL, ''),
(55, 'BdI12CUB001', NULL, '2012-02-10', 1, '2013-02-10', '<p>\n	Prorrogable por igual per&iacute;odo t&aacute;citamente</p>\n', NULL, 42, 50, '1', NULL, 'y', NULL, NULL, NULL, ''),
(56, NULL, 'No. 1 Contrato BdI12CUB001', '2012-02-10', 1, '2013-02-10', NULL, 'Ctto de Servc No. BdI12CUB001', 42, 50, '1', NULL, 'y', NULL, NULL, NULL, ''),
(57, 'BdI13CUB001', NULL, '2013-05-06', 1, '2014-05-06', NULL, NULL, 42, 50, '1', NULL, 'y', NULL, NULL, NULL, ''),
(58, '04.12', NULL, '2012-01-23', 2, '2014-01-23', NULL, 'Ctto Marco de Eventos y Actividades 4-2012', 42, 3, '1', NULL, 'y', NULL, NULL, NULL, ''),
(59, '426/2011', NULL, '2011-12-22', 1, '2012-12-22', NULL, 'Ctto 426-2011 Citmatel', 42, 27, '1', NULL, 'y', NULL, NULL, NULL, ''),
(60, '27/2013', NULL, '2012-12-20', 1, '2013-12-20', NULL, 'Ctto 27-2013 Trebol', 10, 31, '1', NULL, 'y', NULL, NULL, NULL, ''),
(61, 'S/N', NULL, '2013-06-05', 2, '2015-06-05', NULL, NULL, 42, 117, '1', NULL, 'y', NULL, NULL, NULL, ''),
(62, '15/03/2013/00', NULL, '2013-02-17', 1, '2014-02-17', NULL, 'Ctto 15-03-2013 Sepsa', 42, 115, '1', NULL, 'y', NULL, NULL, NULL, ''),
(63, '37.01.11', NULL, '2012-07-30', 1, '2013-07-30', NULL, 'Ctto Acerprot 2011 - 2012', 42, 2, '1', NULL, 'y', NULL, NULL, NULL, ''),
(64, '03/13/0249/000', NULL, '2013-06-03', NULL, '2015-06-03', NULL, 'Ctto 3-13-0249 Sepsa', 52, 115, '1', NULL, NULL, NULL, NULL, NULL, ''),
(65, 'S/N', NULL, '2012-12-27', 1, '2013-12-27', '<p>\n	Prorrogable por igual per&iacute;odo t&aacute;citamente</p>\n', NULL, 42, 13, '1', NULL, 'y', NULL, NULL, NULL, ''),
(66, '111-2013', NULL, '2013-06-01', 1, '2014-06-01', NULL, 'Ctto 111-2013 Cimex', 39, 26, '1', NULL, 'y', NULL, NULL, NULL, ''),
(67, '503SVT13110', NULL, '2013-06-07', 1, '2014-06-07', NULL, NULL, 42, 41, '1', NULL, 'y', NULL, NULL, NULL, ''),
(68, NULL, 'No. 1 al Contrato 27/13', '2013-10-25', NULL, '2013-10-29', NULL, 'Ctto 27-2013 Trebol', 10, 31, '1', NULL, NULL, NULL, NULL, NULL, ''),
(70, '696-1069-13', NULL, '2013-10-30', 1, '2014-10-30', NULL, 'Ctrato compraventa 696-1069-13-Ferreterias Universales', 39, 7, '1', NULL, 'y', NULL, NULL, NULL, ''),
(71, '501/2013', NULL, '2013-10-04', 2, '2015-10-04', NULL, 'Ctrato compra venta desechos Materias Primas 501-13', 9, 72, '1', NULL, 'y', NULL, NULL, NULL, ''),
(72, NULL, 'No.1 Contrato 54-12', '2013-09-20', 2, '2015-09-20', NULL, 'Ctto 54-12 con CIMEX Mayabeque', 10, 23, '1', NULL, 'y', NULL, NULL, NULL, ''),
(73, '133-13', NULL, '2013-10-29', 2, '2013-12-31', NULL, NULL, 10, 69, '1', NULL, 'm', NULL, NULL, NULL, ''),
(74, 'LH 014', NULL, '2013-11-08', NULL, '0000-00-00', '<p>\n	Hasta que se cumplan las obligaciones.</p>\n', NULL, 47, 79, '1', NULL, NULL, NULL, NULL, NULL, ''),
(75, '05187-13', NULL, '2013-07-06', NULL, '0000-00-00', NULL, 'Ctrato05187-Fondo cubano bienes culturales', 11, 84, '1', NULL, NULL, NULL, NULL, NULL, ''),
(76, '03/13/0623/000', NULL, '2013-09-18', 2, '2015-09-18', NULL, 'Ctrato serv mantenimiento 03-13-0623-00 SEPSA', 72, 115, '1', NULL, 'y', NULL, NULL, NULL, ''),
(77, '901I265PY000913', NULL, '2013-09-20', 1, '2014-09-20', NULL, 'Ctrato serv automatizado CEDAI-901', 62, 56, '1', NULL, 'y', NULL, NULL, NULL, ''),
(78, '264-13', NULL, '2013-09-10', 1, '2014-09-10', NULL, NULL, 12, 127, '1', NULL, 'y', NULL, NULL, NULL, ''),
(79, '2013-133-D-EL-36', NULL, '2013-07-22', 6, '2014-01-22', NULL, NULL, 42, 113, '1', NULL, 'm', NULL, NULL, NULL, ''),
(80, '19480', NULL, '2011-02-01', 3, '2014-02-01', NULL, NULL, 6, 103, '1', NULL, 'y', NULL, NULL, NULL, ''),
(81, '271.013.71', NULL, '2013-01-03', 2, '2015-01-03', NULL, 'Ctrato 71 Fumigacion', 69, 7, '1', NULL, 'y', NULL, NULL, NULL, ''),
(82, '220669-0385-2013', NULL, '2013-07-09', 1, '2014-07-09', NULL, NULL, 10, 28, '1', NULL, 'y', NULL, NULL, NULL, ''),
(83, NULL, 'No.2 al contrato 62-2012', '2013-04-13', 1, '2014-04-13', NULL, NULL, 95, 74, '1', NULL, 'y', NULL, NULL, NULL, ''),
(84, '22-2012', NULL, '2013-11-02', NULL, '0000-00-00', NULL, 'Ctrato 22 compra venta Corporacion Copextel', 77, 41, '1', NULL, NULL, NULL, NULL, NULL, ''),
(85, NULL, 'No. 2', '2012-12-27', NULL, '2015-04-07', NULL, 'suplemento No. 1 Ctto CASTROL 75-2010', 77, 67, '1', NULL, NULL, NULL, NULL, NULL, ''),
(86, '588', NULL, '2012-10-04', 2, '2014-10-04', NULL, 'Ctrato prestacion de servicios 588-SASA', 74, 117, '1', NULL, 'y', NULL, NULL, NULL, ''),
(87, '57-17C-12', NULL, '2012-11-30', 3, '2015-11-30', NULL, 'Ctrato serv-57-EACP', 61, 2, '1', NULL, 'y', NULL, NULL, NULL, ''),
(88, '429-13CP', NULL, '2013-05-15', NULL, '0000-00-00', '<p>\n	Hasta tanto se cumplan las obligaciones.</p>\n', 'Ctto CIH 2013', 65, 22, '1', NULL, NULL, NULL, NULL, NULL, ''),
(89, '35001023', NULL, '2011-03-17', 1, '0000-00-00', NULL, 'Financiera Cimex cont serv uso tarjeta prepagada', 67, 82, '1', NULL, 'y', NULL, NULL, NULL, ''),
(90, '62-2012', NULL, '2012-04-13', 1, '2013-04-13', NULL, NULL, 95, 47, '1', NULL, 'y', NULL, NULL, NULL, ''),
(91, '24-2013', NULL, '2013-05-24', 1, '2014-05-24', NULL, NULL, 77, 41, '1', NULL, 'y', NULL, NULL, NULL, ''),
(92, '000287', NULL, '2013-05-29', 3, '2016-05-29', NULL, 'Ctrato Prestacion serv 0287- Agencia contra incendios', 60, 4, '1', NULL, 'y', NULL, NULL, NULL, ''),
(93, '220-2013', NULL, '2013-07-16', 1, '0000-00-00', NULL, 'Ctrato compraventa 220-Coracan', 8, 68, '1', NULL, 'y', NULL, NULL, NULL, ''),
(94, '090-13-V', NULL, '2013-05-23', 1, '2014-05-23', NULL, NULL, 10, 37, '1', NULL, 'y', NULL, NULL, NULL, ''),
(95, '090-13-S', NULL, '2013-05-23', 1, '2014-05-23', NULL, NULL, 84, 37, '1', NULL, 'y', NULL, NULL, NULL, ''),
(96, '00-13-180-00', NULL, '2013-11-04', 3, '2016-11-04', NULL, 'Ctrato servicio CANEC-13', 65, 16, '1', NULL, 'y', NULL, NULL, NULL, ''),
(97, '160/2013', NULL, '2013-09-19', 1, '2013-12-30', NULL, NULL, 43, 101, '1', NULL, 'y', NULL, NULL, NULL, ''),
(98, 'CS-081-2014-214', NULL, '2014-01-24', 11, '2014-12-31', NULL, 'Grupo Electrogenos CS081-2014-LH', 42, 63, '1', NULL, 'm', NULL, NULL, NULL, ''),
(99, '22-09-20-14', NULL, '2014-03-07', NULL, '0000-00-00', 'Vigente hasta que concluya el per&iacute;&shy;odo de entrega de la certificaci&oacute;n', 'ACERPROT Contrato servicios 22-09-20-14', 40, 2, '1', NULL, NULL, NULL, NULL, NULL, ''),
(100, '31-2014', NULL, '2014-02-25', 1, '2015-02-25', NULL, 'GECYT Contrato 31-2014', 68, 86, '1', NULL, 'y', NULL, NULL, NULL, ''),
(101, '901I345P9001213/13', NULL, '2013-12-26', 1, '2014-12-26', NULL, 'CEDAI contrato servicios 901 I 345 P 9001213-2013', 71, 56, '1', NULL, 'y', NULL, NULL, NULL, ''),
(102, '0.296.12.13', NULL, '2013-12-10', NULL, '0000-00-00', NULL, 'palmares contrato servicios 02961213', 41, 88, '1', NULL, 'y', NULL, NULL, NULL, ''),
(103, '210109-14', NULL, '2014-03-08', NULL, '0000-00-00', NULL, 'Segurmatica kaspersk contrato 210109-14', 75, 111, '1', NULL, NULL, NULL, NULL, NULL, ''),
(104, '03/13/0732/000', NULL, '2013-11-25', 2, '2015-11-25', NULL, 'Sepsa contrato reparación autos 03-13-0732-000', 87, 115, '1', NULL, 'y', NULL, NULL, NULL, ''),
(105, '49-13-102', NULL, '2013-12-18', 2, '2015-12-18', NULL, 'Tecnologica contrato reparacion 49-13-102', 66, 39, '1', NULL, 'y', NULL, NULL, NULL, ''),
(106, '95/13', '', '2013-12-13', 3, '2016-12-13', '', 'Cubagros contrato 95-13', 97, 46, '2', NULL, 'y', '2015-09-04', NULL, NULL, ''),
(107, '', '', '2014-02-18', NULL, '2015-02-27', NULL, 'Cubataxi contrato version 2', 0, 0, '1', NULL, '', NULL, NULL, NULL, ''),
(108, '22/14', NULL, '2014-02-12', NULL, '2014-12-30', NULL, 'Cubacafe contrato 22-14', 96, 57, '1', NULL, NULL, NULL, NULL, NULL, ''),
(109, '207-005/2013', NULL, '2013-07-29', 2, '2015-07-29', NULL, 'Seisa 207-005-13', 76, 113, '1', NULL, 'y', NULL, NULL, NULL, ''),
(110, '534/14', NULL, '2014-06-17', 2, '2016-06-17', NULL, 'Ctto 533 y 534 SASA', 34, 117, '1', NULL, 'y', NULL, NULL, NULL, ''),
(111, '222/14', '', '2014-07-08', 6, '2014-12-31', '', 'Ctto Prosa Ppel Sanitario Ctto Venta 222-14', 97, 106, '2', NULL, 'm', '2015-11-26', NULL, NULL, ''),
(112, '06/14/0288/000', NULL, '2014-08-14', 1, '2015-08-14', NULL, 'SEPSA 06-14 0288-000', 31, 115, '1', NULL, 'y', NULL, NULL, NULL, ''),
(113, 'SN', NULL, '2014-08-11', NULL, '0000-00-00', 'No establece la vigencia', NULL, 44, 115, '1', NULL, NULL, NULL, NULL, NULL, ''),
(114, NULL, 's/n al contrato 966/2014', '2014-06-12', 2, '2016-07-12', NULL, 'Ctto 966-14 Suplemento Islazul G Hotelero', 1, 92, '0', '2015-09-04', 'y', NULL, NULL, NULL, ''),
(115, 'CAA-21-2014', NULL, '2014-05-07', 1, '2015-05-07', NULL, 'Coperativa AmyAir Ctto No. CAA-21-2014', 36, 32, '1', NULL, 'y', NULL, NULL, NULL, ''),
(116, '185/14', NULL, '2014-05-08', 2, '2016-05-08', NULL, 'CIMEX Div Transporte Ctto 185-14', 98, 23, '1', NULL, 'y', NULL, NULL, NULL, ''),
(117, 'SU 1406200004802', NULL, '2014-03-20', 9, '2014-12-31', NULL, NULL, 28, 41, '1', NULL, 'm', NULL, NULL, NULL, ''),
(118, '6102', NULL, '2014-06-08', 1, '2015-06-08', NULL, 'Cubataxis Cienfuegos Ctto. 6102', 95, 47, '1', NULL, 'y', NULL, NULL, NULL, ''),
(119, '2014-53-DM-42', NULL, '2014-06-20', 1, '2015-06-20', NULL, 'SEISA Ctto 2014-53-DM-42', 97, 113, '1', NULL, 'y', NULL, NULL, NULL, ''),
(120, '03/2014', NULL, '2014-03-20', 1, '2015-03-20', NULL, 'Ctto Grupo Palco 03-2014', 42, 90, '1', NULL, 'y', NULL, NULL, NULL, ''),
(121, 'CCE-TTI-38-14', NULL, '2014-05-21', 1, '2015-05-21', NULL, 'EComponente Electr Che Guevara Ctto CCE TTI-38', 97, 29, '1', NULL, 'y', NULL, NULL, NULL, ''),
(122, '65', NULL, '2014-04-09', 1, '2015-04-09', NULL, 'Ctto 65 servicios Comunales', 53, 118, '1', NULL, 'y', NULL, NULL, NULL, ''),
(123, '00803/14', NULL, '2014-03-13', 2, '2016-03-13', NULL, 'Ctto 0803-14 Fondo Cubano de Bienes C', 97, 81, '1', NULL, 'y', NULL, NULL, NULL, ''),
(124, 'CCEUPS-39-14', NULL, '2014-03-21', 1, '2015-03-21', NULL, 'Componentes Electron Che G CttoCCEUPS 39-14', 101, 29, '1', NULL, 'y', NULL, NULL, NULL, ''),
(125, '06/14/0097/000', NULL, '2014-03-17', 2, '2016-03-17', NULL, 'SEPSA Ctto 04-140097-2014', 85, 115, '1', NULL, 'y', NULL, NULL, NULL, ''),
(126, '2263/2014', NULL, '2014-04-04', 1, '2015-04-04', NULL, NULL, 97, 59, '1', NULL, 'y', NULL, NULL, NULL, ''),
(127, NULL, 'No. 1 contrato 15-03-2013-00', '2014-03-01', NULL, '2015-03-01', NULL, 'Suplemento 1 no 15-2014-6-001 SEPSA Ctto 15-03-2013', 81, 4, '1', NULL, NULL, NULL, NULL, NULL, ''),
(128, NULL, 's/n contrato 35001023', '2014-08-18', NULL, '0000-00-00', NULL, 'Financiera Cimex Suplemento Ctto 35001023', 23, 82, '1', NULL, NULL, NULL, NULL, NULL, ''),
(129, NULL, 'No.3 contrato C01-09-13', '2014-05-30', NULL, '2014-11-30', NULL, NULL, 65, 77, '1', NULL, NULL, NULL, NULL, NULL, ''),
(130, '101-2014-pag-76', NULL, '2014-05-08', 1, '2015-05-08', NULL, 'Ctto S Radiomsg Movitel 101-2014', 51, 99, '1', NULL, 'y', NULL, NULL, NULL, ''),
(131, 'R.44.14.122', NULL, '2014-05-07', 2, '2016-05-07', NULL, 'Ctto Serv Tec CANON R44-14-122', 48, 23, '1', NULL, 'y', NULL, NULL, NULL, ''),
(132, '05213/14', NULL, '2014-05-19', 1, '2015-05-19', NULL, 'Ctto O Artes Plasticas 05213-14', 3, 81, '1', NULL, 'y', NULL, NULL, NULL, ''),
(133, '95-04691-2014', NULL, '2014-05-16', 1, '2015-05-16', NULL, 'Ctto Palenque 95-04691-2014', 41, 90, '1', NULL, 'y', NULL, NULL, NULL, ''),
(134, '210-2014', NULL, '2014-05-19', 2, '2016-05-19', NULL, 'Ctto SASA mayo 2014', 97, 117, '1', NULL, 'y', NULL, NULL, NULL, ''),
(135, 'DTS-14059/L', NULL, '2014-09-01', NULL, '0000-00-00', '<p>\n	Vigente hasta 30 dias despues de la firma del acta de aceptacion</p>\n', 'Contrato DATYS 14059-L', 83, 52, '1', NULL, NULL, NULL, NULL, NULL, ''),
(136, '66/14', '', '2014-03-11', 0, '2016-03-11', '', 'Contrato 66-14-Cimex ', 49, 39, '2', NULL, 'y', '2015-09-03', NULL, NULL, ''),
(137, 'C01-09-13', NULL, '2013-04-30', 1, '2014-04-30', NULL, 'Ctto Servicio ESAC Vigente', 65, 77, '1', NULL, 'y', NULL, NULL, NULL, ''),
(138, '108/14', NULL, '2014-02-14', 3, '2014-05-14', NULL, 'Ctto 108-14-CIH', 7, 20, '1', NULL, 'm', NULL, NULL, NULL, ''),
(139, 'STIO-915-201439', NULL, '2014-02-14', 1, '2015-02-14', NULL, 'Contrato 915-2014-39_Copextel', 86, 41, '1', NULL, 'y', NULL, NULL, NULL, ''),
(140, 'STIO-915-201439', NULL, '2014-02-14', 1, '2015-02-14', NULL, 'Contrato 915-2014-39_Copextel', 85, 41, '1', NULL, 'y', NULL, NULL, NULL, ''),
(141, NULL, 'S/N', '2014-01-27', 1, '2015-01-27', NULL, 'Suplemento al contrato 19480 Grupo Palco', 6, 90, '1', NULL, 'y', NULL, NULL, NULL, ''),
(142, 'CS-081-2014-LH', NULL, '2014-01-24', NULL, '2014-12-31', '<p>\n	Se prorroga tacitamente por 1 ano mas, si nunguna de las partesse manifiesta en contrario</p>\n', 'Grupo Electrogenos CS081-2014-LH', 58, 63, '1', NULL, NULL, NULL, NULL, NULL, ''),
(143, 'CS-081-2014-LH', '', '2014-01-24', NULL, '2014-12-31', NULL, 'Grupo Electrogenos CS081-2014-LH', 0, 0, '1', NULL, '', NULL, NULL, NULL, ''),
(144, '0904/673/2013', '', '2013-10-03', 1, '2014-10-03', '', 'Ctto 673-13-Intermar', 30, 95, '2', NULL, 'y', '2016-05-26', NULL, NULL, ''),
(145, '', 'No. 1 al Contrato 0904/673/2013', '2013-10-04', 0, '2014-09-29', '', 'Suplemento 1 Ctto InterMar', 25, 95, '2', NULL, 'y', '2016-03-14', NULL, NULL, ''),
(146, '0904/673/2013', '', '2013-10-03', 1, '2014-10-03', '', 'Ctto 673-13-Intermar1', 30, 95, '2', NULL, 'y', '2016-05-26', NULL, NULL, ''),
(147, '5368', NULL, '2014-06-04', 5, '2019-06-04', NULL, 'Contrato 5368 Egrafip', 46, 65, '1', NULL, 'y', NULL, NULL, NULL, ''),
(148, NULL, 'No. 1 al contrato C01-09-13', '2013-10-30', NULL, '2014-06-30', NULL, 'Suplemento 3 Ctto Servicio C01-09-13', 65, 77, '1', NULL, NULL, NULL, NULL, NULL, ''),
(149, NULL, 'No. 2 al contrato C01-09-13', '2014-04-30', NULL, '2014-09-30', NULL, 'Suplemento 1 Ctto Servicio C01-09-13', 65, 77, '1', NULL, NULL, NULL, NULL, NULL, ''),
(150, NULL, 'No. 3 al contrato C01-09-13', '2014-07-29', NULL, '2014-11-30', NULL, 'Suplemento 3 Ctto Servicio C01-09-13', 65, 77, '1', NULL, NULL, NULL, NULL, NULL, ''),
(151, '', 's/n al contrato 966/2014', '2014-06-12', 2, '2016-10-29', '', 'Suplemento Grupo Hotelero Isla Azul 966-14 ', 70, 92, '2', NULL, 'y', '2015-09-04', NULL, NULL, ''),
(152, '696-14-1073', '', '2014-12-01', 0, '2015-12-01', '', 'Ctto almacenes Universales 696-14-1073 ', 97, 7, '2', NULL, 'y', '2015-09-03', NULL, NULL, ''),
(153, NULL, 'No. 2 al contrato 62/2012', '2013-04-13', 1, '2014-04-13', NULL, 'Ctto Cubataxis 62-2012', 95, 47, '1', NULL, 'y', NULL, NULL, NULL, ''),
(154, '2612/2014', NULL, '2014-11-09', NULL, '0000-00-00', 'Vigente hasta el cumplimiento total de las obligaciones', 'Asoc de comunicadores', 19, 1, '1', NULL, NULL, NULL, NULL, NULL, ''),
(155, '90/14-S', NULL, '2014-09-10', 2, '2016-09-10', NULL, 'Ctto Imagenes', 84, 37, '1', NULL, 'y', NULL, NULL, NULL, ''),
(156, NULL, 's/n 966/2014', '2014-10-29', 2, '2016-10-29', NULL, 'Suplemento Grupo Hotelero Isla Azul 966-14', 70, 92, '0', '2015-09-04', 'y', NULL, NULL, NULL, ''),
(157, '523/14', NULL, '2014-12-09', 1, '2015-12-09', NULL, 'Ctto Registro Central de Sancionados', 37, 107, '1', NULL, 'y', NULL, NULL, NULL, ''),
(158, '308', NULL, '2014-10-23', NULL, '0000-00-00', 'Vigencia indefinida, hasta la manifestaci&oacute;n de rescindirlo.\r\n', 'Ctto comercial UEB Especial', 54, 64, '1', NULL, NULL, NULL, NULL, NULL, ''),
(159, '', 'No. 4 contrato 15-03-2012-00', '2014-10-23', NULL, '0000-00-00', NULL, '', 0, 0, '1', NULL, '', NULL, NULL, NULL, ''),
(160, '53/2014', NULL, '2014-06-16', 1, '2015-06-16', NULL, 'Ctto Muebles Ludema', 89, 100, '1', NULL, 'y', NULL, NULL, NULL, ''),
(161, 's/n', NULL, '2014-10-17', NULL, '0000-00-00', '<p>\n	Vigente hasta tanto culminen las obligaciones.</p>\n', 'Ctto Servc Palmares', 41, 88, '1', NULL, NULL, NULL, NULL, NULL, ''),
(162, 's/n', NULL, '2014-10-09', 2, '2016-10-09', NULL, 'Ctto Casa de la Amistad', 2, 94, '1', NULL, 'y', NULL, NULL, NULL, ''),
(163, '2313/2014', NULL, '2014-10-20', NULL, '0000-00-00', 'Vigente hasta el cumplimiento total de las obligaciones', 'Ctto presentacion com Sociales', 20, 1, '1', NULL, NULL, NULL, NULL, NULL, ''),
(164, 's/n', NULL, '2014-10-31', 2, '2015-10-31', NULL, 'Ctto Acueducto y Alcantarillado', 59, 6, '1', NULL, 'y', NULL, NULL, NULL, ''),
(165, 's/n', NULL, '2014-10-30', NULL, '0000-00-00', NULL, 'Proy Servicio Especial SEPSA', 21, 115, '1', NULL, NULL, NULL, NULL, NULL, ''),
(166, NULL, 'No. 5 al contrato CAA-21-2014', '2014-11-14', NULL, '0000-00-00', NULL, 'suplemento no 5 AmyAir', 22, 32, '1', NULL, NULL, NULL, NULL, NULL, ''),
(167, '', 'No.6 al contrato No. CAA-21-2014', '2014-12-02', NULL, '0000-00-00', NULL, '', 0, 0, '1', NULL, '', NULL, NULL, NULL, ''),
(168, 'DTS-14105/S', NULL, '2015-02-01', 2, '2017-02-01', NULL, 'Contrato de Datys DTS-14105-S', 88, 52, '1', NULL, 'y', NULL, NULL, NULL, ''),
(169, 'LH-100-2015', NULL, '2015-01-27', NULL, '2015-03-08', NULL, 'ESGE Acta de Acreditacion', 58, 78, '1', NULL, NULL, NULL, NULL, NULL, ''),
(170, 'LH-100-2015', NULL, '2015-01-27', 5, '2020-01-27', NULL, 'ESGE Ctto Servicio y Ficha', 58, 78, '1', NULL, 'y', NULL, NULL, NULL, ''),
(171, '004/2015', NULL, '2015-01-29', 1, '2016-01-29', NULL, 'ETECSA Ctto Compra VEnta e instalacion de Pizarra', 102, 79, '1', NULL, 'y', NULL, NULL, NULL, ''),
(172, '0.296.12.14', NULL, '2014-12-12', 2, '2016-12-12', NULL, 'Palmares Ctto Servicios Gastronomicos', 41, 88, '1', NULL, 'y', NULL, NULL, NULL, ''),
(173, NULL, NULL, '2015-01-31', 12, '2015-12-31', NULL, 'EMCI Condiciones Grales', 92, 62, '1', NULL, 'm', NULL, NULL, NULL, ''),
(174, 'CPV 516-14', NULL, '2014-12-01', 1, '2015-12-01', NULL, 'MCV Contrato', 35, 97, '1', NULL, 'y', NULL, NULL, NULL, ''),
(175, '141/2014', '', '2014-11-24', 1, '2015-11-24', '', 'Cimex Ctto Servicios 2014 ', 97, 23, '2', NULL, 'y', '2015-09-04', NULL, NULL, ''),
(176, 'MM1402400037600', NULL, '2014-09-15', 2, '2016-09-15', NULL, 'Copextel Ctto Marco 2014', 27, 41, '1', NULL, 'y', NULL, NULL, NULL, ''),
(177, 'CM-AU-44-14', NULL, '2015-01-19', NULL, '2015-12-31', NULL, 'Ctto Servicios con Audita 2014', 26, 12, '1', NULL, NULL, NULL, NULL, NULL, ''),
(178, 'CU1405301007000', NULL, '2014-11-13', NULL, '0000-00-00', '<p>\n	Hasta el total cumplimiento de las obligaciones</p>\n', 'CTto Compra Venta Copextel G STAC', 24, 41, '1', NULL, NULL, NULL, NULL, NULL, ''),
(179, '05277/14', '', '2014-11-11', 1, '2015-11-11', '', 'Ctto Fondo Cubano 2014  ', 3, 81, '2', NULL, 'y', '2015-11-02', NULL, NULL, ''),
(180, NULL, '1 al contrato No. CAA-21-2014', '2014-05-07', 30, '2015-04-22', NULL, 'Amyair Suplemento 01', 17, 32, '1', NULL, 'd', NULL, NULL, NULL, ''),
(181, NULL, 'No. 2 al CAA-21-2014', '2014-06-16', 7, '2014-06-24', NULL, 'Amyair Suplemento 02', 16, 32, '1', NULL, 'd', NULL, NULL, NULL, ''),
(182, NULL, '3 al CAA-21-2014', '2014-06-16', 15, '2014-06-30', NULL, 'Amyair Suplemento 03', 33, 32, '1', NULL, 'd', NULL, NULL, NULL, ''),
(183, NULL, '4 al CAA-21-2014', '2014-09-19', 4, '2014-09-25', NULL, 'Amyair Suplemento No. 4', 18, 32, '1', NULL, 'd', NULL, NULL, NULL, ''),
(184, '032/2015', NULL, '2015-03-18', 1, '2016-03-18', NULL, 'Ctto Compra Venta en Comision Etecsa', 100, 79, '1', NULL, 'y', NULL, NULL, NULL, ''),
(185, '0165', NULL, '2015-03-18', NULL, '0000-00-00', NULL, 'Ctto Servicio ETECSA MN y MLC', 80, 79, '1', NULL, NULL, NULL, NULL, NULL, ''),
(191, 'CAA-45-2015', '', '2015-06-08', 1, '2016-06-08', '', 'Ctto AmyAir 2015', 36, 32, '1', NULL, 'y', NULL, NULL, NULL, ''),
(208, '336/15', '', '2015-06-18', 3, '2018-06-18', '', 'Ctto CIMEX y Ficha C', 10, 23, '1', NULL, 'y', NULL, NULL, NULL, ''),
(209, '06/15', '', '2015-05-21', 1, '2016-05-21', '', 'Ctto Ingenieria Minist', 120, 135, '1', NULL, 'y', NULL, NULL, NULL, ''),
(210, '', 'No. 7 al contrato No. C21-09-13', '2015-10-01', 0, '2016-01-30', '', 'Suplemento No 7 Ctto Servicio', 65, 77, '1', NULL, '', NULL, NULL, NULL, ''),
(211, '2340-466-15', '', '2015-06-10', 2, '2017-06-10', '', 'DESOF Ctto Marco 2015', 121, 53, '1', NULL, 'y', NULL, NULL, NULL, ''),
(212, '2340-466-15-1', '', '2015-06-10', 2, '2017-06-10', '', 'DESOF Ctto Servc 1', 122, 53, '1', NULL, 'y', NULL, NULL, NULL, ''),
(213, '2340-466-15-2', '', '2015-06-10', 2, '2017-06-10', '', 'DESOF Ctto Servc 2', 75, 53, '1', NULL, 'y', NULL, NULL, NULL, ''),
(214, '2340-466-15-4', '', '2015-06-10', 2, '2017-06-10', '', 'DESOF Ctto Servc 4', 76, 53, '1', NULL, 'y', NULL, NULL, NULL, ''),
(215, '2340-466-15-5', '', '2015-06-10', 2, '2017-06-10', '', 'DESOF Ctto Servc 5', 121, 53, '1', NULL, 'y', NULL, NULL, NULL, ''),
(216, '296/15', '', '2015-09-03', 2, '2017-09-03', '', 'Ctto Servicios CIMEX 296-2015', 49, 23, '1', NULL, 'y', NULL, NULL, NULL, ''),
(217, '', 'No. 6 al contrato No. C01-09-13', '2015-08-31', 0, '2015-11-17', '', 'Suplemento 6 Ctto Servc ESAC C01-09-13', 65, 77, '1', NULL, '', NULL, NULL, NULL, ''),
(218, '16-15-045', '', '2015-09-25', 3, '2018-09-25', '', 'CttoMarco 16-15-045 CANEC', 65, 16, '1', NULL, 'y', NULL, NULL, NULL, ''),
(219, '16-15-072', '', '2015-09-25', 3, '2018-09-25', '', 'Ctto Servicio CANEC 16-15 072', 65, 16, '1', NULL, 'y', NULL, NULL, NULL, ''),
(220, '', '', '2013-02-21', 1, '2014-02-21', '', 'Ctto CCE E Che Guevara 20131', 15, 136, '1', NULL, 'y', NULL, NULL, NULL, ''),
(221, '', '1 al Contrato No. 901I216PY001015', '2015-10-28', 0, '2016-10-28', '', 'ficha y Ctto CEDAI', 42, 56, '1', NULL, '', NULL, NULL, NULL, ''),
(222, '599/15', '', '2015-09-21', 0, '2016-09-21', '', 'ficha cliente Publicentro', 123, 138, '1', NULL, '', NULL, NULL, NULL, ''),
(223, '929/2015', '', '2015-10-29', 0, '2018-10-29', '', 'Ctto CompraventaDIVEP HB 929', 10, 139, '1', NULL, '', NULL, NULL, NULL, ''),
(224, '901I1216PY011015', '', '2015-10-23', 0, '2016-10-23', '', 'Ctto servicio Autotizc Integral CEDAI', 124, 56, '1', NULL, '', NULL, NULL, NULL, ''),
(225, '901I193PV000915', '', '2015-09-03', 0, '2016-09-03', '', 'Ctto servicio Autotizc Integral CEDAI1', 125, 56, '1', NULL, '', NULL, NULL, NULL, ''),
(226, '', 'No. 1 al Contrato A-01-2015-A', '2015-10-22', 0, '2016-01-01', '', 'Suplemento No 1 Ctto Servic J Antonio Sardiñas', 126, 140, '1', NULL, '', NULL, NULL, NULL, ''),
(227, '020106862015', '', '2015-06-16', 0, '2017-06-16', '', 'Ctto Servicio Planta 2 Habana RevTecnica AutoMotor', 127, 141, '1', NULL, '', NULL, NULL, NULL, ''),
(228, '440/2015', '', '2015-08-12', 0, '2016-08-12', '', 'Ctto Servicio 440-2015', 128, 142, '1', NULL, '', NULL, NULL, NULL, ''),
(229, 'CA-03-2015', '', '2015-10-14', 0, '2016-01-01', '', 'CA-03-2015 Chofer R Osmar Calderon', 126, 143, '1', NULL, '', NULL, NULL, NULL, ''),
(230, '', 'No. 1 al contrato 00848/15', '2015-08-10', 0, '0000-00-00', ' ', 'Suplemento 1 ctto Compra-Venta BFC', 10, 84, '2', NULL, '', '2016-07-07', NULL, NULL, ''),
(231, '03-2015-A', '', '2015-07-01', 0, '2016-07-01', '', 'Ctto Servicio 3 Juan Fidel', 126, 144, '1', NULL, '', NULL, NULL, NULL, ''),
(232, '38', '', '2015-02-26', 0, '2017-02-26', '', 'Ctto 38 SASA', 10, 117, '1', NULL, '', NULL, NULL, NULL, ''),
(233, '42', '', '2015-02-26', 0, '2017-02-26', '', 'Ctto 42 SASA', 34, 117, '1', NULL, '', NULL, NULL, NULL, ''),
(234, '12014-2015', '', '2015-03-20', 0, '2016-03-20', '', 'Ctto UEB EStacionamiento Ctto abonado', 129, 145, '1', NULL, '', NULL, NULL, NULL, ''),
(235, 'ST1491801008500', '', '2014-12-09', 0, '2015-12-09', '', 'Ctto Servicios Copextel', 130, 41, '1', NULL, '', NULL, NULL, NULL, ''),
(236, '', 'No. 2 al contrato 210109/14', '2015-06-03', 0, '2016-06-03', '', 'Suplemento Segurmatica', 75, 111, '1', NULL, '', NULL, NULL, NULL, ''),
(237, '17/2015', '', '2015-07-31', 0, '2016-07-31', '', 'Ctto Cooperativa confecc Textiles Marianao', 131, 146, '1', NULL, '', NULL, NULL, NULL, ''),
(238, '00848/15', '', '2015-08-10', 0, '2017-08-10', '', 'Fondo B Culturales Ctto 2015', 132, 81, '1', NULL, '', NULL, NULL, NULL, ''),
(239, '01-2015-A', '', '2015-07-01', 0, '2016-07-01', '', 'Ctto Servicio Taxi Julio Andres', 126, 147, '1', NULL, '', NULL, NULL, NULL, ''),
(240, '01-2015-A', '', '2015-08-10', 0, '2016-08-10', '', 'Ctto Servicio Taxi Daniel Glez Rdguez', 126, 148, '1', NULL, '', NULL, NULL, NULL, ''),
(241, 'A-01-2015-A', '', '2015-08-04', 0, '2016-08-04', '', 'Ctto Servicio Taxi Jorge A', 126, 140, '1', NULL, '', NULL, NULL, NULL, ''),
(242, '150/2015', '', '2015-05-25', 0, '2016-05-25', 'Prorrogable por tacita reconduccion', 'Contrato Coracan', 10, 68, '1', NULL, '', NULL, NULL, NULL, ''),
(243, 'LH 016', '', '2015-07-23', 0, '2016-07-23', '', 'ETECSA Páginas Amarillas', 45, 79, '1', NULL, '', NULL, NULL, NULL, ''),
(244, '15-729', '', '2015-07-13', 0, '2016-07-17', '', 'Ctto Emp Gedeme', 133, 149, '1', NULL, '', NULL, NULL, NULL, ''),
(245, '56/2015', '', '2015-04-10', 0, '2016-04-10', '', 'Ctto Servicio Emp Cabildo', 134, 150, '1', NULL, '', NULL, NULL, NULL, ''),
(246, '133/2015', '', '2015-04-22', 0, '2017-04-22', '', 'Ctto Serv Castrol', 10, 18, '1', NULL, '', NULL, NULL, NULL, ''),
(247, '108/14', '', '2014-02-14', 0, '2015-02-14', '', 'Ctto 108-14-CIH1', 7, 22, '1', NULL, '', NULL, NULL, NULL, ''),
(248, '144', '', '2015-06-11', 0, '0000-00-00', 'Vigente hasta la total liquidacion de las deudas y obligaciones', 'Cuenta DO en BFI', 135, 151, '1', NULL, '', NULL, NULL, NULL, ''),
(249, '23/2014', '', '2014-11-01', 0, '2016-11-01', '', 'Ctto Centro Nac', 136, 152, '1', NULL, '', NULL, NULL, NULL, ''),
(250, '167', '', '2015-03-02', 0, '2017-03-02', '', 'Ctto Compraventa CIMEX', 10, 23, '1', NULL, '', NULL, NULL, NULL, ''),
(251, '06/15/042', '', '2015-03-10', 0, '2019-03-10', '', 'Ctto Servicios SEPSA 2015', 85, 153, '1', NULL, '', NULL, NULL, NULL, ''),
(252, '140108013', '', '2014-12-19', 0, '0000-00-00', 'Vigente hasta la total liquidacion de las obligaciones de las partes. ', 'BM Contrato Compra Venta', 137, 13, '1', NULL, '', NULL, NULL, NULL, ''),
(253, '', 'No. 8 al contrato No. CAA-21-2014', '2015-03-20', 0, '2015-04-20', '', 'Ctto AmyAir', 138, 32, '1', NULL, '', NULL, NULL, NULL, ''),
(256, '0851/2015', '', '2015-03-26', 0, '0000-00-00', 'Vigente hasta el total cumplimiento de las obligaciones de las partes. ', 'AC CSociales Ctto Prestacion', 139, 1, '1', NULL, '', NULL, NULL, NULL, ''),
(257, '000102/2015', '', '2015-03-11', 0, '0000-00-00', 'Vigente hasta concluir el servicio', 'Ctto prestacion servicios APCI', 140, 4, '1', NULL, '', NULL, NULL, NULL, ''),
(258, '101-2015-pag-54', '', '2015-05-05', 0, '0000-00-00', 'Vigente por 12 meses y renovable automáticamente si las partes no se pronuncian en contrario. ', 'Ctto Servicios movitel', 51, 99, '1', NULL, '', NULL, NULL, NULL, ''),
(259, '26/2015', '', '2015-03-02', 0, '2015-12-31', '', 'Ctto Compraventa CubaCafe 26-2015', 96, 57, '1', NULL, '', NULL, NULL, NULL, ''),
(260, '2/14', '', '2014-06-06', 1, '2015-06-06', '', 'Ctto Compraventa2014 Toner BCC', 141, 15, '1', NULL, 'y', NULL, NULL, NULL, ''),
(261, '20325', '', '2014-11-01', 5, '2019-11-01', '', 'Ctto arrendamiento inmueble Palco no', 6, 90, '1', NULL, 'y', NULL, NULL, NULL, ''),
(262, '8395', '', '2013-11-26', 0, '0000-00-00', 'Prorrogable por tácita reconducción', 'Ctto Servicios Infocomunicaciones  ETECSA', 142, 79, '1', NULL, '', NULL, NULL, NULL, ''),
(263, '', 'No. 8 al Contrato No. C21-09-13', '2016-01-30', 0, '2016-08-31', '', 'Suplemento no 8 ESAC', 65, 77, '2', NULL, 'y', '2016-04-18', NULL, NULL, ''),
(264, '1493/2015', '', '2015-10-22', 0, '0000-00-00', 'Vigente hasta el total cumplimiento de las obligaciones', 'Comunicadores Sociales Ctto No  1493-15 ', 144, 1, '2', NULL, 'y', '2016-03-10', NULL, NULL, ''),
(265, '', 'Suplemento al Contrato No. 8395', '2013-11-26', 0, '0000-00-00', 'Vigente hasta que las partes se manifiesten en contrario', 'Suplementos Ctto Trams Datos ETECSA', 146, 79, '1', NULL, '', NULL, NULL, NULL, ''),
(266, '', 'No. 2 al contrato 0904/673/2013', '2013-10-07', 0, '2013-12-30', '', 'Suplemento No 2 Ctto InterMar', 25, 95, '1', NULL, '', NULL, NULL, NULL, ''),
(267, 'C2/16', '', '2016-01-18', 0, '0000-00-00', 'Vigente hasta el total cumplimiento de las obligaciones de las partes', 'Contrato C2-16 CONEC', 147, 156, '1', NULL, '', NULL, NULL, NULL, ''),
(268, '', 'No. 2 al Cto. No. ST1591503007100', '2016-02-15', 0, '2017-02-15', '', 'Suplemento 2-2015 Ctto Copextel', 130, 41, '1', NULL, '', NULL, NULL, NULL, ''),
(269, '', 'No. 2 al Cto. No. ST1591503007100', '2016-02-15', 0, '2017-02-15', '', 'Suplemento 2-2015 Ctto Copextel1', 130, 41, '1', NULL, '', NULL, NULL, NULL, ''),
(270, '65', '', '2015-02-06', 0, '2016-02-06', '', 'Ctto 65 Desechos Solidos 2015', 53, 118, '1', NULL, '', NULL, NULL, NULL, ''),
(271, '', 'No. 1 al Cto. 06/14/0288', '2015-08-17', 0, '0000-00-00', 'Vigente hasta tanto finalicen las obligaciones contraidas', 'Ctto Sepsa Dir Tecnica 2015', 31, 115, '1', NULL, '', NULL, NULL, NULL, ''),
(272, 'No. 2/15', '', '2015-10-13', 0, '2016-10-13', '', 'Ctto CompraVenta Tecnoazucar', 10, 124, '1', NULL, '', NULL, NULL, NULL, ''),
(273, '', 'No. 1 al Cto. 01-2015A', '2016-04-12', 0, '0000-00-00', '', 'Suplemento 1 Cto Daniel Gonzalez', 95, 148, '1', NULL, '', NULL, NULL, NULL, ''),
(274, 'No. 648', '', '2015-10-19', 0, '2017-10-19', '', 'ctoo Compraventa 648 Cimex', 10, 23, '1', NULL, '', NULL, NULL, NULL, ''),
(275, '177', '', '2015-09-14', 0, '2018-09-14', '', 'Ctto F-Cliente 177 SOMEC', 42, 157, '1', NULL, '', NULL, NULL, NULL, ''),
(276, '516/15', '', '2015-08-31', 0, '2017-08-31', '', 'Ctto SASA 516-15', 34, 117, '1', NULL, '', NULL, NULL, NULL, ''),
(277, '515/15', '', '2015-08-31', 0, '2017-08-31', '', 'Ctto SASA 515-15', 14, 117, '1', NULL, '', NULL, NULL, NULL, ''),
(278, '', 'No. 2 al Contrato No. LH-100-20155', '2016-01-08', 0, '0000-00-00', '', 'ESGE Suplemento 1 Ctto LH-10D-2015', 58, 63, '1', NULL, '', NULL, NULL, NULL, ''),
(279, 'CSG-6/2016', '', '2016-01-27', 0, '2018-01-27', '', 'Ctto Inverco CSG-6-2016', 72, 137, '1', NULL, '', NULL, NULL, NULL, ''),
(280, '', 'No. 3 al Contrato No. 210109/14', '2016-01-28', 0, '0000-00-00', '', 'Suplemento ctto Segurmatica No', 75, 111, '1', NULL, '', NULL, NULL, NULL, ''),
(281, 's/n/2016', '', '2016-02-12', 1, '2017-02-12', '', 'Ctto 2016 Gaviota', 148, 158, '1', NULL, 'y', NULL, NULL, NULL, ''),
(282, '', 'No. 2 al Contrato de Compraventa No. 00848/15', '2015-08-13', 0, '0000-00-00', '', 'Suplemento Fondo Bienes', 10, 84, '1', NULL, '', NULL, NULL, NULL, ''),
(283, '', 'No. 4 al Contrato de Compraventa No. 00848/15', '2015-12-21', 0, '0000-00-00', '', 'Suplemento  4 Fondo Bienes ', 10, 84, '2', NULL, 'y', '2016-04-13', NULL, NULL, ''),
(284, '', 'No. 901I216PY021215 al Contrato de Servicios de Automatización Integral No. 901I216PY001015', '2015-12-10', 1, '2016-12-10', '', 'Suplemento ctto serv Automat Integral', 149, 160, '1', NULL, 'y', NULL, NULL, NULL, ''),
(285, 'No. 66/15', '', '2015-09-14', 1, '2016-09-14', '', 'Ctto 66-15 B Resp Equip Automot', 34, 161, '1', NULL, 'y', NULL, NULL, NULL, ''),
(286, '', 'No. 1 al Contrato No. 06/14/0097', '2015-08-28', 0, '0000-00-00', '', 'Ctto Sepsa Suplemento 1 06-14-0097', 150, 115, '1', NULL, '', NULL, NULL, NULL, ''),
(287, 'No. CA-02-2015', '', '2015-08-25', 1, '2016-08-25', '', 'Ctto serv ca-02-2015 JulioC Acosta', 126, 162, '1', NULL, 'y', NULL, NULL, NULL, ''),
(288, 'No. 107/', '', '2015-08-19', 2, '2017-08-19', '', 'CttoDesechos Reciclab 107-15', 9, 72, '1', NULL, 'y', NULL, NULL, NULL, ''),
(289, 's/n', '', '2015-12-21', 1, '2016-12-21', '', 'Ctto Suscripcion Revista Periodicos', 92, 62, '1', NULL, 'y', NULL, NULL, NULL, ''),
(290, '', 'No. 1 al Contrato No. LH-10D-2015', '2015-09-16', 0, '0000-00-00', '', 'ESGE Suplemento 1 Ctto LH-10D-20151', 58, 63, '1', NULL, '', NULL, NULL, NULL, ''),
(291, 'No. /', '', '2016-01-06', 1, '2017-01-06', '', 'ctto C-V Pizarra ETECSA 002-16', 151, 79, '1', NULL, 'y', NULL, NULL, NULL, ''),
(292, 'No. 0.296.01.16', '', '2016-01-16', 2, '2018-01-16', '', 'ctto Serv Gastron a 3ros', 41, 88, '1', NULL, 'y', NULL, NULL, NULL, ''),
(293, 'No. 8/2016', '', '2016-01-13', 1, '2017-01-13', '', 'ccto cubacafe 8-2016', 10, 163, '1', NULL, 'y', NULL, NULL, NULL, ''),
(294, 'No. 004-0070/2016', '', '2016-02-25', 10, '2017-02-25', '', 'ctto Adypel 2016', 10, 164, '1', NULL, 'm', NULL, NULL, NULL, ''),
(295, 'No. 0346/2016', '', '2016-02-19', 0, '0000-00-00', ' ', 'ctto ACCS no 346', 143, 1, '2', NULL, '', '2017-09-01', NULL, NULL, ''),
(296, 'No. 0345/2016', '', '2016-02-19', 0, '0000-00-00', ' ', 'ctto ACCS no 345', 143, 1, '2', NULL, '', '2017-09-01', NULL, NULL, ''),
(297, 'No. 2982/2015', '', '2015-12-16', 0, '0000-00-00', '', 'ctto ACCS no 2982', 143, 1, '1', NULL, '', NULL, NULL, NULL, ''),
(298, 'No. 3652', '', '2015-12-16', 0, '0000-00-00', '', 'ctto ACCS no 2952-2015', 143, 1, '1', NULL, '', NULL, NULL, NULL, ''),
(299, '110106005', '', '2011-07-22', 0, '2016-02-27', 'Vigente hasta el total cumplimiento de las obligaciones', 'Ctto Marco BANDEC Servc Evaluac Ingenieril Proy Inversion ', 25, 14, '2', NULL, 'y', '2016-05-26', NULL, NULL, ''),
(300, '160106012', '', '2016-03-23', 0, '2017-03-23', 'Si al termino de la vigencia, las partes no se manifiestan en contrario, se entendera prorrogado', 'Cto Marco BANDEC Serv Evalu Bancoi Bandec', 25, 14, '1', NULL, '', NULL, NULL, NULL, ''),
(301, 'MT 00180721', '', '2016-03-16', 2, '2018-03-16', '', 'Ctto SASA 2015', 10, 117, '1', NULL, 'y', NULL, NULL, NULL, ''),
(302, 'No. CSGE-20/2015', '', '2015-08-04', 1, '2015-12-04', '', 'Ctto Inverco CSG-6-20161', 72, 137, '1', NULL, 'y', NULL, NULL, NULL, ''),
(303, 'No. 6102', '', '2014-06-08', 1, '2015-06-08', '', 'Ctto Cubataxi Cienfuegos', 126, 47, '1', NULL, 'y', NULL, NULL, NULL, ''),
(304, 'No. BDI12CUB001', '', '2012-02-10', 1, '2013-02-10', '', 'Ctto Servicio Cubatel 2012', 152, 50, '1', NULL, 'y', NULL, NULL, NULL, ''),
(305, 'No. 1406200004802/2014', '', '2014-03-20', 9, '2014-12-31', '', 'Ctto Suministros 2014 Copextel', 153, 41, '1', NULL, 'm', NULL, NULL, NULL, ''),
(306, 'No. 05277/14', '', '2014-11-11', 1, '2015-11-11', '', 'Ctto Obras Artes Plasticas', 154, 81, '1', NULL, 'y', NULL, NULL, NULL, ''),
(307, '', 'No. 901/216PY011015', '2015-10-28', 0, '0000-00-00', '', 'Suplemento 1 Ctto CEDAI', 124, 160, '1', NULL, '', NULL, NULL, NULL, ''),
(308, 'No. 3362', '', '2013-03-22', 9, '2013-12-22', '', 'Ctto Servicios Motor Centro', 155, 165, '1', NULL, 'm', NULL, NULL, NULL, ''),
(309, 'No. 43/10', '', '2010-12-28', 0, '0000-00-00', '', 'Ctto Caducado UNIL-Geila', 10, 87, '1', NULL, '', NULL, NULL, NULL, ''),
(310, 'No. 2014-53-DM-42', '', '2014-06-20', 1, '2015-06-20', '', 'Ctto Seisa 2014', 10, 113, '1', NULL, 'y', NULL, NULL, NULL, ''),
(311, 'No. STIO-915-2013 31', '', '2013-03-12', 1, '2014-03-12', '', 'Ctto Copextel Stio 915-2013-31', 130, 41, '1', NULL, 'y', NULL, NULL, NULL, ''),
(312, 'F-065/2015', '', '2015-04-15', 1, '2016-04-15', '', 'Ctto Cubataxi Cienfuegos1', 126, 47, '1', NULL, 'y', NULL, NULL, NULL, ''),
(313, 'No. 0120/2015', '', '2015-04-27', 1, '2016-04-27', '', 'Ctto Cubataxi Stgo 2015', 126, 47, '1', NULL, 'y', NULL, NULL, NULL, ''),
(314, 'No. 222/14', '', '2014-07-08', 5, '2014-12-31', '', 'Ctto Venta P Prosa', 10, 69, '1', NULL, 'm', NULL, NULL, NULL, ''),
(315, 'No. 06/14/0288/000', '', '2014-08-14', 1, '2015-08-14', '', 'Proy Proteccion SEPSA a BI', 73, 153, '1', NULL, 'y', NULL, NULL, NULL, ''),
(316, 'No. 185/14', '', '2014-05-08', 2, '2016-05-08', '', 'Ctto Cimex no', 10, 23, '1', NULL, 'y', NULL, NULL, NULL, ''),
(317, 'No. 2340-466-15', '', '2015-06-10', 0, '0000-00-00', '', 'Ctto Desoft Jun 2015', 121, 53, '1', NULL, '', NULL, NULL, NULL, ''),
(318, 'No. CAA-21-2014', '', '2014-05-07', 1, '2015-05-07', '', 'AMYAir  Ctto Gral 21-2014', 149, 166, '1', NULL, 'y', NULL, NULL, NULL, ''),
(319, '11647/15', '', '2015-11-27', 0, '0000-00-00', 'Vigente mientras existan obligaciones pendientes', 'Ctto-11657-15 p Elaboracion Plan de Seguridad c Segurmatica', 156, 111, '1', NULL, '', NULL, NULL, NULL, ''),
(320, '', 'No. 1 al contrato 210109/14', '2015-01-15', 0, '2016-01-15', '', 'Suplemento 1 ctto Segurmatica', 75, 111, '1', NULL, '', NULL, NULL, NULL, ''),
(321, '31648/15', '', '2015-11-27', 0, '2016-11-27', '', 'ctto Servicios Segurmatica no', 65, 111, '1', NULL, '', NULL, NULL, NULL, ''),
(324, 'RP115-2016', '', '2016-03-24', 0, '2021-03-24', ' ', 'Ctto Arendamiento Inmueble1', 6, 90, '2', NULL, 'y', '2016-08-11', 7, NULL, ''),
(325, '148-2015', '', '2016-01-23', 0, '0000-00-00', ' ', 'Ctto servicios ONN SGCI al Sist Seguridad y Salud2', 157, 167, '2', NULL, '', '2016-08-11', 2, NULL, ''),
(326, '386-16', '', '2016-06-27', 0, '2018-06-27', '', 'Ctto Marco 386 Disaic', 158, 168, '1', NULL, '', NULL, 2, NULL, ''),
(327, 'No. 665/2016', '', '2016-08-12', 1, '2017-08-12', ' ', 'Ctto Prestamo Servc No 665 CIH', 159, 20, '2', NULL, 'y', '2017-03-17', 7, NULL, ''),
(328, 'No. 01/2016', '', '2016-06-13', 1, '0000-00-00', '', 'Ctto chofer Daniel', 126, 148, '1', NULL, 'y', NULL, 7, NULL, ''),
(329, 'No. 02/2016', '', '2016-06-13', 1, '0000-00-00', '', 'Ctto Servicios Jorge A Sardiñas', 126, 140, '1', NULL, 'y', NULL, 7, NULL, ''),
(330, 'No. 3/2016', '', '2016-06-13', 1, '0000-00-00', '', 'Ctto Chofer J Fidel Rosado', 126, 144, '1', NULL, 'y', NULL, 7, NULL, ''),
(331, 'No. 04/2016', '', '2016-06-13', 1, '0000-00-00', '', 'Ctto Servicios Rafael Francia', 126, 169, '1', NULL, 'y', NULL, 7, NULL, ''),
(332, 'No. 05/2016', '', '2016-06-13', 1, '0000-00-00', '', 'Ctto Chofer Andres Acosta', 126, 147, '1', NULL, 'y', NULL, 7, NULL, ''),
(333, 'No. 06/2016', '', '2016-06-13', 0, '0000-00-00', '', 'Ctto Chofer Julio C', 126, 162, '1', NULL, '', NULL, 7, NULL, ''),
(334, '', 'No. 1 al Contrato No. CAA-68-2016', '2016-06-16', 0, '0000-00-00', '', 'Suplemento 1 Ctto Amyair', 17, 166, '1', NULL, '', NULL, 7, NULL, ''),
(335, '', 'No. 2 al Contrato No. CAA-68-2016', '2016-06-16', 0, '0000-00-00', '', 'Suplemento 2 Ctto Amyair', 160, 166, '1', NULL, '', NULL, 7, NULL, ''),
(336, '', 'No. 3 al Contrato No. CCA-68-2016', '2016-06-16', 0, '0000-00-00', '', 'Suplemento 3 Ctto Amyair', 161, 166, '1', NULL, '', NULL, 7, NULL, ''),
(337, '', 'No. 4 al Contrato CAA-68-2016', '2016-06-16', 0, '0000-00-00', '', 'Suplemento 4 AmyAir', 18, 166, '1', NULL, '', NULL, 7, NULL, ''),
(338, '', 'No. 1 al contrato 107/15', '2016-04-13', 0, '2018-04-13', '', 'Suplemento Compra Desechos Rec', 53, 72, '1', NULL, '', NULL, 7, NULL, ''),
(339, 'C22-117-16', '', '2016-11-16', 0, '2018-11-16', '', 'Ctto Marco ESAC 2016', 162, 77, '1', NULL, '', NULL, 2, NULL, ''),
(340, 'Mo. 665/16', '', '2016-07-20', 0, '2017-07-20', '', 'Ctto 665 Servc de Auditoria CIH', 159, 22, '1', NULL, '', NULL, 8, NULL, ''),
(341, '16/2016', '', '2016-06-07', 0, '2017-06-07', '', 'Ctto C-Venta 16-2016 ConfTextil', 131, 146, '1', NULL, '', NULL, 7, NULL, ''),
(342, '212/165', '', '2016-06-27', 0, '2019-06-27', ' ', 'Ctto MonCar 212-16S', 163, 170, '2', NULL, 'y', '2017-01-10', 7, NULL, ''),
(343, '169/16M', '', '2016-06-27', 0, '2019-06-27', '', 'Ctto MonCar 169-16m1', 10, 170, '1', NULL, '', NULL, 7, NULL, ''),
(344, '352/2016', '', '2016-06-27', 0, '2018-06-27', '', 'Ctto Prestamo Servc 352-2016 SASA', 34, 117, '1', NULL, '', NULL, 7, NULL, ''),
(345, '533/14', '', '2014-06-17', 0, '2016-06-17', '', 'Ctto Prestamo Servc 352-2016 SASA compraventa', 10, 117, '1', NULL, '', NULL, 7, NULL, ''),
(346, 'CM-AU-05-16', '', '2016-01-18', 0, '2016-12-31', '', 'Ctto Servc Audita 2016', 7, 12, '1', NULL, '', NULL, 8, NULL, ''),
(347, 'No. 2/2016', '', '2016-10-20', 0, '0000-00-00', '', 'Ctto Alquiler Espacio con Palmares', 41, 171, '1', NULL, '', NULL, 7, NULL, ''),
(348, 'No. 8/2016', 'No. 1', '2016-07-28', 0, '0000-00-00', '', 'Ctto Compra Venta no 8 Cafe', 10, 163, '1', NULL, '', NULL, 7, NULL, ''),
(349, 'No. 00848/2015', 'No. 6', '2016-12-23', 0, '0000-00-00', '', 'F Bienes Suplemento 6', 10, 84, '1', NULL, '', NULL, 7, NULL, ''),
(350, 'No. CAA-68-2016', '', '2016-06-14', 1, '0000-00-00', '', 'Ctto CAA-68-16 AmyAir', 36, 166, '1', NULL, 'y', NULL, 7, NULL, ''),
(351, 'No. CAA-68-2016 2da parte', '', '2016-06-14', 1, '0000-00-00', '', 'Ctto CAA-68-16 AmyAir parte2', 36, 166, '1', NULL, 'y', NULL, 7, NULL, ''),
(352, 'No. 91/2016', '', '2016-06-09', 0, '0000-00-00', '', 'Ctto 91-16 Ctto Constr StaFe', 165, 173, '1', NULL, '', NULL, 7, NULL, ''),
(353, 'No. 91/2016 Anexos', '', '2016-06-09', 0, '0000-00-00', '', 'Carta Limite Constr StaFe', 165, 173, '1', NULL, '', NULL, 7, NULL, ''),
(354, 'CM-AU-09-17', '', '2017-01-11', 0, '2017-12-31', '', 'Contrato Audita', 7, 12, '1', NULL, '', NULL, 8, NULL, ''),
(355, 'mm 1602400055700', '', '2016-11-30', 2, '0000-00-00', '', 'Ctto Marco con Copextel 30112016', 10, 41, '1', NULL, 'y', NULL, 7, NULL, ''),
(356, 'No. 8/2016', 'No. 1', '2016-07-28', 0, '0000-00-00', '', 'Ctto Compra Venta no 8 Cafe1', 10, 163, '1', NULL, '', NULL, 7, NULL, ''),
(357, 'No. 2/2016', '', '2016-10-20', 0, '0000-00-00', '', 'Ctto Alquiler Espacio con Palmares1', 41, 171, '1', NULL, '', NULL, 7, NULL, ''),
(358, 'No. 4081/2016', '', '2016-07-13', 0, '0000-00-00', '', 'Ctto 4081-2016 ACCS', 143, 1, '1', NULL, '', NULL, 7, NULL, ''),
(359, 'No. 12/2016', '', '2016-02-18', 0, '0000-00-00', '', 'Ctto 12-2016 Dujo', 10, 174, '1', NULL, '', NULL, 7, NULL, ''),
(360, '', 'No. 901I216PY020616', '2016-06-17', 0, '0000-00-00', '', 'Suplemto 901 216PY020616 CEDAI', 160, 56, '1', NULL, '', NULL, 7, NULL, ''),
(361, 'No. 140925/16', '', '2016-06-21', 0, '0000-00-00', '', 'Ctto 14 0925-16 Segurmatica', 121, 111, '1', NULL, '', NULL, 6, NULL, ''),
(362, 'No. 33-2016-00 99', '', '2016-04-19', 12, '0000-00-00', '', 'Ctto 33-2016 00-99 Sepsa O', 81, 175, '1', NULL, 'm', NULL, 7, NULL, ''),
(363, 'No. 180/16', '', '2016-06-07', 6, '2016-12-31', ' ', 'Ctto 180-16 Prosa', 10, 176, '2', NULL, 'm', '2017-05-12', 7, NULL, ''),
(364, 'No. 05550/16', '', '2016-08-02', 0, '0000-00-00', '', 'Ctto 05550-16 BfC', 136, 81, '1', NULL, '', NULL, 7, NULL, ''),
(365, 'No. 33-2016-00 113', '', '2016-06-25', 0, '0000-00-00', '', 'Ctto 33-2016-00-113 Sepsa O', 168, 175, '1', NULL, '', NULL, 7, NULL, ''),
(366, '966/2017', '', '2017-03-27', 0, '2019-03-27', '', 'Ctto Servic Hoteleros', 1, 92, '1', NULL, '', NULL, 7, NULL, ''),
(367, '81/2017', '', '2017-03-03', 0, '0000-00-00', ' ', 'Ctto Serv No 81-2017', 128, 142, '2', NULL, '', '2017-05-16', 7, NULL, ''),
(368, '20/16/040', '', '2016-06-14', 3, '0000-00-00', '  ', 'Ctto 20 16 040 Tecnolg Cerrajeri', 130, 23, '2', NULL, 'y', '2017-05-18', 7, NULL, ''),
(369, '12/2017', '', '2017-02-28', 3, '2020-02-28', '', 'Ctto Servc Publñicacion Anuncio', 84, 105, '1', NULL, 'y', NULL, 7, NULL, ''),
(370, '66/14', '', '2014-03-11', 2, '2016-03-11', '', 'Ctto 66-14 CIMEX Auto', 169, 23, '1', NULL, 'y', NULL, 7, NULL, ''),
(371, 'IBNUH017', '', '2010-11-24', 2, '2012-11-24', 'Este Contrato se prorroga por Tácita reconducción cada dos años si las partes no manifiestan con anterioridad y por escrito la decisión contraria.', 'CIMEX Ctto Compra-Venta IBNUH017', 10, 23, '1', NULL, 'y', NULL, 7, NULL, '');
INSERT INTO `contratro_provedor` (`id_contrato`, `no_contrato`, `no_suplemento`, `fecha_firma`, `vigencia`, `fecha_expira`, `observaciones`, `documento`, `idTipoServicio`, `idEmpresa`, `estado_contrato`, `fecha_cancelacion`, `periodo`, `fecha_modificacion`, `id_procesos`, `pdf`, `tipo_persona`) VALUES
(372, '167', '', '2015-03-02', 2, '2017-03-02', 'El Contrato podrá ser prorrogado por igual término si las partes lo acordasen mediante suplemento con antelación a la fecha de vencimiento.', 'Ctto CIMEX Artemisa', 170, 23, '1', NULL, 'y', NULL, 7, NULL, ''),
(373, '210109/14', 'No.2', '2017-02-08', 1, '2017-03-08', '', 'Segurmatica suplemento Ctto', 171, 111, '1', NULL, 'm', NULL, 7, NULL, ''),
(374, '9520', '', '2016-12-13', 2, '2018-12-13', '', 'Ctto Cimex M Matanzas', 170, 23, '1', NULL, 'y', NULL, 7, NULL, ''),
(375, '38/2016', '', '2016-03-04', 1, '2017-03-04', '', 'Ctto Servc CRV 38-2016', 42, 177, '1', NULL, 'y', NULL, 7, NULL, ''),
(376, '401.23.04.2016', '', '2016-05-19', 5, '0000-00-00', ' ', 'Ctto 401 23 042016 Grito Baire', 172, 178, '2', NULL, 'y', '2017-06-05', 7, NULL, ''),
(377, '901l216PY030516', '', '2017-05-27', 0, '2018-05-27', '', 'Suplemento a Ctto CEDAI 2016', 124, 179, '1', NULL, '', NULL, 7, NULL, ''),
(378, '2388/2016', '', '2016-05-10', 1, '2017-05-10', '', 'ACCS 2388-2016', 174, 1, '1', NULL, 'y', NULL, 7, NULL, ''),
(379, '112/2016', '', '2016-05-07', 1, '2017-05-07', '', 'Ctto 112-2016 citmatel', 175, 27, '1', NULL, 'y', NULL, 7, NULL, ''),
(380, '121B/2016', '', '2016-02-24', 1, '2017-02-24', '', 'Ctato Compraventa GRAN COMERCIAL 121 B-2016', 176, 180, '1', NULL, 'y', NULL, 7, NULL, ''),
(381, '13/16', '', '2016-02-23', 3, '2017-02-26', '', 'Ctato Comodoro 13-16', 1, 181, '1', NULL, 'd', NULL, 7, NULL, ''),
(382, '16/268', '', '2016-03-22', 1, '2017-03-22', '', 'Ctto Fecap', 179, 182, '1', NULL, 'y', NULL, 7, NULL, ''),
(383, '79/2016', '', '2016-03-26', 2, '2018-03-26', '', 'Ctto Transportacion terrestre 79-2016', 95, 74, '1', NULL, 'y', NULL, 7, NULL, ''),
(384, '16/2016', '', '2016-06-07', 1, '2017-06-07', '', 'Ctto 16-2016 CNA Copextel Confecc', 176, 146, '1', NULL, 'y', NULL, 7, NULL, ''),
(385, 'LH-07', '', '2016-05-03', 1, '2017-05-03', '', 'Ctto Pag Amarillas Etecsa-2016', 84, 79, '1', NULL, 'y', NULL, 7, NULL, ''),
(386, '199/16', '', '2016-06-20', 2, '2018-06-20', '', 'Ctto 199-16 SASA', 10, 183, '1', NULL, 'y', NULL, 7, NULL, ''),
(387, '1043/2017', '', '2017-03-31', 3, '2020-03-31', '', 'Ficha Cliente Via Azul', 95, 185, '1', NULL, 'y', NULL, 7, NULL, ''),
(388, '262/16-9', '', '2016-09-01', 2, '0000-00-00', '          ', 'Ctto Corporacion Cimex  Imagenes', 169, 23, '2', NULL, 'y', '2017-07-21', 7, NULL, ''),
(389, '06/16/225', '', '2016-12-02', 2, '0000-00-00', '   ', 'CTTO Servicios de Protección con la Central de Alarmas', 180, 186, '2', NULL, 'y', '2017-06-30', 7, NULL, ''),
(390, '094/2017', '', '2017-03-15', 2, '0000-00-00', ' ', 'CTTO Empresa de Educacion  Vial y Conduccion TRAMOS', 182, 187, '2', NULL, 'y', '2017-07-04', 7, NULL, ''),
(391, '000316/2016', '', '2016-07-11', 0, '0000-00-00', ' El presente Contrato entrará en vigor a partir de la fecha de su firma y mantendrá su vigencia una vez concluido el servicio', 'CTTO Empresa de Proteccion Contra Incendios', 169, 4, '2', NULL, '', '2017-07-04', 7, NULL, ''),
(392, '20503/17', '', '2017-03-21', 1, '2018-03-21', '', 'CTTO SEGURMATICA', 183, 111, '1', NULL, 'y', NULL, 6, NULL, ''),
(393, 'CA-07/2017', '', '2017-05-15', 1, '2018-05-15', '', 'CTTO de Servicios de Transporte de Hanoi Valdez Chang', 126, 191, '1', NULL, 'y', NULL, 7, NULL, ''),
(394, '256.01.02.15', '', '2015-12-16', 1, '2016-12-16', '', 'Ctto Servc 256 010215 ACERPRO', 21, 2, '1', NULL, 'y', NULL, 7, NULL, ''),
(395, '2/2016', '', '2016-01-20', 1, '2017-01-20', 'la vigencia es hasta el total cumplimeinto de las obligaciones.', 'CTTo Servic 2-2016 SC Sicologia', 65, 192, '1', NULL, 'y', NULL, 2, NULL, ''),
(396, '48/2015', '', '2017-05-27', 1, '2017-05-27', '', 'Ctto Servc 48-2015 Palenque', 41, 193, '1', NULL, 'y', NULL, 7, NULL, ''),
(397, 'CAA-68-2016', 'No3', '2017-06-16', 20, '2016-07-12', '', 'Suplemento 3 al Acuerdo AmyAir', 169, 32, '1', NULL, 'd', NULL, 7, NULL, ''),
(398, 'CAA-45-2015', 'No.4', '2015-10-09', 30, '2015-12-07', '', 'Suplemento 4 al Acuerdo AmyAir', 155, 166, '1', NULL, 'd', NULL, 7, NULL, ''),
(399, 'CAA-45-2015', 'No.5', '2015-10-09', 30, '2015-09-17', '', 'Suplemento 5 al Acuerdo AmyAir', 155, 166, '1', NULL, 'd', NULL, 7, NULL, ''),
(400, 'CAA-45-2015', 'No.6', '2015-10-09', 20, '2015-11-04', '', 'Suplemento 6 al Acuerdo AmyAir', 18, 166, '1', NULL, 'd', NULL, 7, NULL, ''),
(401, 'CAA-45-2015', 'No.07', '2015-11-20', 20, '2015-12-15', '', 'Suplemento 7 al Acuerdo AmyAir', 18, 166, '1', NULL, 'd', NULL, 7, NULL, ''),
(402, '5440/2016', '', '2016-12-05', 1, '2017-12-05', '', 'Ctto 5440-2016 ACCS', 167, 1, '1', NULL, 'y', NULL, 7, NULL, ''),
(403, '0375/2017', '', '2017-03-15', 1, '2018-03-05', '', 'Ctto 0375-2017 ACCS', 145, 1, '1', NULL, 'y', NULL, 7, NULL, ''),
(404, '5973/2016', '', '2016-01-15', 1, '2017-01-15', '', 'Ctto 5973-2016 ACCS', 143, 1, '1', NULL, 'y', NULL, 7, NULL, ''),
(405, '4973/2016', '', '2016-10-25', 1, '2017-10-25', '', 'Ctto 4973-2016 ACCS', 166, 1, '1', NULL, 'y', NULL, 7, NULL, ''),
(406, '1231/2017', '', '2017-05-29', 1, '2017-05-29', '', 'Ctto 1231-2016 ACCS', 166, 1, '1', NULL, 'y', NULL, 7, NULL, ''),
(407, '5164/2016', '', '2016-11-01', 1, '2017-11-01', '', 'Ctto 5164-2016 ACCS', 166, 1, '1', NULL, 'y', NULL, 7, NULL, ''),
(408, '1231/2017', '', '2017-05-29', 1, '2018-05-29', '', 'Ctto 1231-2017 ACCS', 166, 1, '1', NULL, 'y', NULL, 7, NULL, ''),
(409, '', 'No. 05', '2017-07-18', 0, '0000-00-00', '', 'Amyair  Suplemento 5-2016', 74, 166, '1', NULL, '', NULL, 7, NULL, ''),
(410, 'No. OF-1076-2017-LH', '', '2017-07-18', 5, '2022-07-18', '', 'Ctto Sitrans OF-1076-2017', 176, 120, '1', NULL, 'y', NULL, 7, NULL, ''),
(411, 'No. CP-01/2017', '', '2017-08-01', 1, '2018-08-01', '', 'Ctto Servicio CP 01-2017 Radiador', 74, 194, '1', NULL, 'y', NULL, 7, NULL, ''),
(412, 'No. 45/2017', '', '2017-02-17', 0, '0000-00-00', '', 'Ctto Servicio 45 Pavexpo', 169, 90, '1', NULL, '', NULL, 7, NULL, ''),
(413, 'No. 76/2017', '', '2017-06-05', 6, '2017-12-31', '', 'Ctto Compraventa 76-17 PROSA', 172, 176, '1', NULL, 'm', NULL, 7, NULL, ''),
(414, 'No. 153-22-17', '', '2017-06-30', 3, '2020-06-30', '', 'Ctto Servicio 153-22-17', 185, 2, '1', NULL, 'y', NULL, 7, NULL, ''),
(415, 'No. 291434/17', '', '2017-07-21', 5, '2022-07-21', '', 'Ctto Segurmatica 291434-17', 169, 111, '1', NULL, 'y', NULL, 7, NULL, ''),
(416, '17/2017', '', '2017-02-01', 1, '2018-02-01', '', 'Base Estacionamiento Habana 17-2017', 186, 145, '1', NULL, 'y', NULL, 7, NULL, ''),
(417, '01/2017', '', '2017-06-13', 1, '2018-06-13', '', 'Ctto 01-2017 Transportista Gerardo Rojas Perez', 126, 189, '1', NULL, 'y', NULL, 7, NULL, ''),
(418, '02/2017', '', '2017-07-21', 1, '2018-07-21', '', 'Ctto 02-2017 Transportista Mauro Carracedo Caulineau', 126, 189, '1', NULL, 'y', NULL, 7, NULL, ''),
(419, '03/2017', '', '2017-07-21', 1, '2018-07-21', '', 'Ctto 03-2017 Transportista Pablo Gil Calzadilla', 126, 189, '1', NULL, 'y', NULL, 7, NULL, ''),
(420, '04/2017', '', '2017-06-13', 1, '2018-06-13', '   ', 'Ctto 04-2017 Transportista Juan F Rosado Veloz', 126, 189, '2', NULL, 'y', '2017-08-19', 7, NULL, ''),
(421, '05/2017', '', '2017-06-13', 1, '2018-06-13', '  ', 'Ctto 05-2017 Transportista Jorge A Sardiñas', 126, 189, '2', NULL, 'y', '2017-08-19', 7, NULL, ''),
(422, '06/2017', '', '2017-07-21', 1, '2018-07-21', '  ', 'Ctto 06-2017 Transportista Iraldo Soca Valdes', 126, 189, '2', NULL, 'y', '2017-08-19', 7, NULL, ''),
(423, '07/2017', '', '2017-07-21', 1, '2018-07-21', '  ', 'Ctto 07-2017 Transportista  Ederms Navarro Otero', 126, 189, '2', NULL, 'y', '2017-08-19', 7, NULL, ''),
(424, '08/2017', '', '2017-07-31', 1, '2018-07-31', '', 'Ctto 08-2017 Transportista Daniel González Rodríguez', 126, 189, '1', NULL, 'y', NULL, 7, NULL, ''),
(425, '09/2017', '', '2017-07-31', 1, '2018-07-31', '', 'Ctto 09-2017 Transportista Norberto Duarte Castillo', 126, 189, '1', NULL, 'y', NULL, 7, NULL, ''),
(426, 'No.14123.23.2015', '', '2015-11-05', 5, '2020-11-05', '', 'Cto Marco Grito Baire', 169, 178, '1', NULL, 'y', NULL, 7, NULL, ''),
(427, '002/2016', '', '2016-01-06', 1, '2017-01-06', '', 'Ctto Compra Venta Pizarra Telef', 188, 79, '1', NULL, 'y', NULL, 7, NULL, ''),
(428, '205.23.01.2015', '', '2015-11-05', 5, '2020-11-05', '', 'Ctto Espc Servc Toners 2015', 169, 21, '1', NULL, 'y', NULL, 7, NULL, ''),
(429, '533/14', '', '2014-06-17', 2, '2016-06-17', '', 'SASA', 176, 183, '1', NULL, 'y', NULL, 7, NULL, ''),
(430, 'CSGE-20/2015', '', '2015-08-04', 1, '2016-08-04', '', 'INVERCO PALCO', 178, 137, '1', NULL, 'y', NULL, 7, NULL, ''),
(431, '2340-332-17', '', '2017-08-01', 5, '2022-08-01', '', 'DESOFT', 182, 53, '1', NULL, 'y', NULL, 7, NULL, ''),
(432, '108/2017', '', '2017-03-24', 1, '2018-03-24', '', 'GECYT', 178, 86, '1', NULL, 'y', NULL, 1, NULL, ''),
(433, 'F-065/2015', '', '2015-04-15', 1, '2016-04-15', '', 'EMPRESA TAXIS -CUBA', 126, 189, '1', NULL, 'y', NULL, 7, NULL, ''),
(434, '104/15', '', '2015-09-18', 1, '2016-09-18', '', 'UEB Muebles Capitalinos UMBRAL', 89, 174, '1', NULL, 'y', NULL, 7, NULL, ''),
(435, 'ST16918010003500', '', '2016-04-13', 1, '2017-04-13', '', 'Corporación COPEXTEL', 42, 41, '1', NULL, 'y', NULL, 7, NULL, ''),
(436, '05700/15', '', '2015-10-28', 1, '2016-10-28', '', 'Fondo Cubano de Bienes Culturales', 189, 84, '1', NULL, 'y', NULL, 7, NULL, ''),
(437, '004-0070/2016', '', '2016-02-25', 0, '2016-12-31', '', 'ADIPEL', 153, 164, '1', NULL, '', NULL, 7, NULL, ''),
(438, 's/n', '', '2016-01-01', 0, '2016-12-31', '', 'Empresa de Mensajería y Cambio Internacional', 190, 62, '1', NULL, '', NULL, 7, NULL, ''),
(439, '05277/14', '', '2014-11-11', 1, '2015-11-11', '', 'CONTRATO DE ENCARGO DE OBRAS DE ARTES PLASTICAS Y APLICADAS', 189, 84, '1', NULL, 'y', NULL, 7, NULL, ''),
(440, 'LH-10D-245', '1', '2015-09-16', 0, '0000-00-00', '', 'Empresa de Servicios de Grupos Electrogénos', 169, 63, '1', NULL, '', NULL, 7, NULL, ''),
(441, '0345/2016', '', '2016-02-19', 1, '2017-02-19', '', '0345-2016', 182, 1, '1', NULL, 'y', NULL, 7, NULL, ''),
(442, '0346/2016', '', '2016-02-19', 1, '2017-02-19', '', '0346-2016', 191, 1, '1', NULL, 'y', NULL, 7, NULL, ''),
(443, '', '1', '2017-08-16', 5, '2022-08-01', ' ', 'Supl 1CTO PRESTACIÓN SERVICIOS 2340-332-17 DESOFT', 169, 53, '2', NULL, 'y', '2017-09-21', 6, NULL, '');

-- --------------------------------------------------------

--
-- Estructura de tabla para la tabla `empresas`
--

CREATE TABLE IF NOT EXISTS `empresas` (
  `id_empresa` int(10) NOT NULL AUTO_INCREMENT,
  `nombre_empresa` varchar(255) DEFAULT NULL,
  `observaciones` int(11) DEFAULT NULL,
  `tipo_empresa` enum('1','2','3') NOT NULL COMMENT '1 Persona natural, 2 Emp_estatal, 3 Emp_NoEstatal',
  PRIMARY KEY (`id_empresa`)
) ENGINE=MyISAM  DEFAULT CHARSET=latin1 AVG_ROW_LENGTH=20 AUTO_INCREMENT=198 ;

--
-- Volcado de datos para la tabla `empresas`
--

INSERT INTO `empresas` (`id_empresa`, `nombre_empresa`, `observaciones`, `tipo_empresa`) VALUES
(1, 'ACCS', NULL, ''),
(2, 'ACERPROT', NULL, ''),
(3, 'Acuario Nacional de Cuba', NULL, ''),
(4, 'Agencia de Protección Contra Incendios', NULL, ''),
(5, 'Agencia SASA FIAT', NULL, ''),
(6, 'Aguas de la Habana', NULL, ''),
(7, 'Almacenes Universales S.A', NULL, ''),
(158, 'Grupo de Turismo Gaviota S.A.', 0, ''),
(161, 'Empresa de Servicios Generales (SERVIGEN)', 0, ''),
(11, 'ANTSYS Sistemas de Comunicaciones (COPEXTEL)', NULL, ''),
(12, 'AUDITA', NULL, ''),
(13, 'Banco Metropolitano', NULL, ''),
(14, 'BANDEC', NULL, ''),
(15, 'BCC', NULL, ''),
(16, 'CANEC S.A', NULL, ''),
(17, 'Casa de la Música Miramar', NULL, ''),
(18, 'CASTROL', NULL, ''),
(160, 'Empresa de Automatización Integral (CEDAI)', 0, ''),
(20, 'Centro Internacional de La Habana', NULL, ''),
(21, 'CIDP-Grito de Baire', NULL, ''),
(22, 'CIH', NULL, ''),
(23, 'CIMEX', NULL, ''),
(148, 'Daniel Gonzalez Rodriguez', 0, '1'),
(149, 'GEDEME', 0, ''),
(26, 'CIMEX Pedregal', NULL, ''),
(27, 'CITMATEL', NULL, ''),
(28, 'Comercializadora DIVEP', NULL, ''),
(29, 'Componentes Electrónicos Ernesto Che Guevara', NULL, ''),
(30, 'CONAS', NULL, ''),
(31, 'Confecciones Trebol', NULL, ''),
(32, 'Cooperativa Amyair', NULL, ''),
(150, 'Cabildo', 0, ''),
(34, 'CORALAC S.A', NULL, ''),
(151, 'Banco Financiero Internacional', 0, ''),
(152, 'Centro Nacional de Musica de Concierto', 0, ''),
(37, 'Corporación CIMEX División Publicitaria', NULL, ''),
(39, 'Corporación CIMEX S.A', NULL, ''),
(153, 'SEPSA Direccion Especializada de Seguridad Tecnica', 0, ''),
(41, 'Corporación COPEXTEL', NULL, ''),
(154, 'Empresa Taxis-Cuba Santiago', 0, ''),
(155, 'Banco Central de Cuba', 0, ''),
(46, 'CubagroS.A', NULL, ''),
(47, 'CUBATAXI', NULL, ''),
(156, 'Empresa Consultora para la Economia de la Cultura CONEC', 0, ''),
(50, 'Cubatel', NULL, ''),
(51, 'Cuentapropista Ranko Donates', NULL, '1'),
(52, 'DATYS', NULL, ''),
(53, 'DESOFT', NULL, ''),
(54, 'D''Leone S.A.', NULL, ''),
(55, 'EIMA (Emp. Informática  del Ministerio de la Agricultura)', NULL, ''),
(56, 'Empresa Automatizacion Integral CEDAI', NULL, ''),
(57, 'Empresa Comercial Cuba Café', NULL, ''),
(58, 'Empresa comercializadora Integral Tecnologías Especiales Desarrolladas (Impresos de Seguridad)', NULL, ''),
(59, 'Empresa Comercializadora y Servicios Técnicos', NULL, ''),
(157, 'Empresa de Soluciones Mecanicas de la Construccion SOMEC', 0, ''),
(62, 'Empresa de Mensajeria y Cambio Interncional', NULL, ''),
(63, 'Empresa de Servicios a Grupos Electrogenos', NULL, ''),
(64, 'Empresa Eléctrica UEB Especial', NULL, ''),
(65, 'Empresa Grafica de Finanzas y Precios', NULL, ''),
(66, 'Empresa Grupos Electrógenos', NULL, ''),
(67, 'Empresa Mixta CASTROL CUBA S.A', NULL, ''),
(68, 'Empresa MIXTA CORACAN S.A', NULL, ''),
(69, 'Empresa Mixta Productos Sanitarios', NULL, ''),
(70, 'Empresa Nacional de Fósforos', NULL, ''),
(71, 'Empresa Producciones Gráficas', NULL, ''),
(72, 'Empresa Recuperacion Materias Primas', NULL, ''),
(143, 'Ramon OScar Calderon Gonzalez', 0, '1'),
(74, 'Empresa Taxis', NULL, ''),
(144, 'Juan Fidel Rosado Veloz', 0, '1'),
(145, 'Unidad Empresarial de Base Estacionamiento La Habana', 0, ''),
(77, 'ESAC (Emp Servicios Aseguramiento de la Calidad', NULL, ''),
(78, 'ESGE', NULL, ''),
(79, 'ETECSA', NULL, ''),
(81, 'FCBC', NULL, ''),
(82, 'Financiera CIMEX', NULL, ''),
(146, 'Cooperativa Confecciones Textiles', 0, ''),
(84, 'Fondo Cubano Bienes Culturales', NULL, ''),
(147, 'Julio Andres Acosta Manso', 0, '1'),
(86, 'GECYT', NULL, ''),
(87, 'GEILA (Emp Prov. Industrias Locales)', NULL, ''),
(88, 'Grupo Empresarial Extrahotelero Palmares', NULL, ''),
(135, 'Centro Nacional de Ingeniería de Tránsito', 0, ''),
(90, 'Grupo Empresarial Palco', NULL, ''),
(92, 'Grupo Hotelero Islazul', NULL, ''),
(136, 'Empresa de Componente Electronicos ', 0, ''),
(94, 'Instituto Cubano de Amistad con los Pueblos', NULL, ''),
(95, 'INTERMAR', NULL, ''),
(97, 'MCV Comercial S.A', NULL, ''),
(98, 'Motor Centro', NULL, ''),
(99, 'MOVITEL', NULL, ''),
(100, 'Muebles LUDEMA', NULL, ''),
(101, 'Muebles y Articulos Varios SIGNO', NULL, ''),
(102, 'Oficina comercial AURORA (Servicios especializados medioambientales', NULL, ''),
(103, 'Palacio de las Convenciones', NULL, ''),
(105, 'Periódico Tribuna de La Habana', NULL, ''),
(106, 'PROSA', NULL, ''),
(107, 'Registro General de Sancionados', NULL, ''),
(137, 'Inverco Palco', 0, ''),
(138, 'Publicentro', 0, ''),
(111, 'SEGURMATICA', NULL, ''),
(139, 'DIVEP', 0, ''),
(113, 'SEISA', NULL, ''),
(140, 'Jorge Antonio Sardinas Mendez', 0, '1'),
(115, 'SEPSA Gerencia Técnica', NULL, ''),
(117, 'Servicios Automotores S.A SASA', NULL, ''),
(118, 'Servicios Comunales Playa', NULL, ''),
(141, 'ERTA', 0, ''),
(120, 'SITRANS', NULL, ''),
(142, 'Empresa Provincial de Transporte EPTH ', 0, ''),
(122, 'Suchel Proquimia', NULL, ''),
(123, 'SUMARPO', NULL, ''),
(124, 'TECNOAZUCAR', NULL, ''),
(125, 'TRANSIMPORT', NULL, ''),
(126, 'Trébol', NULL, ''),
(127, 'Turismo y Salud Sucursal compras y distribucion', NULL, ''),
(128, 'UEB Comercializadora Mayabeque', NULL, ''),
(129, 'UEB CSO José Ramón Rodríguez', NULL, ''),
(130, 'Unión Eléctrica UEB Especial', NULL, ''),
(162, 'Julio Cesar Acosta González', 0, '1'),
(163, 'Empresa de Torrefacción y Comercialización del Café (CUBACAFE)', 0, ''),
(164, 'Adypel', 0, ''),
(165, 'Empresa de Servicios Automotores Especializados', 0, ''),
(166, 'Cooperativa amyAir Confianza', 0, ''),
(167, 'Oficina Nacional de Normalizacion', 0, ''),
(168, 'Casa Consultora DISAIC', 0, ''),
(169, 'Rafael Francia Gómez', 0, '1'),
(170, 'MONCAR', 0, ''),
(171, 'Empresa Extrahotelera Palmares S.A Sucursal Habana Este', 0, ''),
(172, 'Museo Nacional de Bellas Artes', 0, ''),
(173, 'Cooperativa no Agropecuaria Construcciones Santa Fe', 0, ''),
(174, 'DUJO', 0, ''),
(175, 'SEPSA Dirección Territorial de Protección Oeste', 0, ''),
(176, 'Empresa mixta Productos Sanitarios PROSA', 0, ''),
(177, 'CNA Cooperativa Reconstructora de Vehiculos', 0, ''),
(178, 'Centro de Investigación, Desarrollo y Producción "Grito de Baire"', 0, ''),
(179, 'CEDAI', 0, ''),
(180, 'GRANCOMERCIAL', 0, ''),
(181, 'Hotel Cubanacan Comodoro', 0, ''),
(182, 'EXPOCUBA', 0, ''),
(183, 'SASA', 0, ''),
(185, 'Empresa de Omnibus Nacionales ', 0, ''),
(186, 'Empresa de Servicios Especializados de Protección S.A SEPSA', 0, ''),
(187, 'Empresa de Educación Vial y Conducción', 0, ''),
(188, 'Empresa organizadora de Congresos Ferias y Exposiciones', 0, ''),
(189, 'Empresa TAXIS CUBA', 0, ''),
(191, 'Cuentapropista Hanoi Valdez Chang', 0, ''),
(192, 'Sociedad de Psicólogos de Cuba', 0, ''),
(194, 'Manuel Díaz Pozo', 0, '1'),
(195, 'Empresa de Mensajería y Cambio Internacional', 0, '');

-- --------------------------------------------------------

--
-- Estructura de tabla para la tabla `fclientes`
--

CREATE TABLE IF NOT EXISTS `fclientes` (
  `id` int(11) unsigned NOT NULL AUTO_INCREMENT,
  `d` varchar(255) DEFAULT NULL,
  `b` varchar(255) DEFAULT NULL,
  `c` varchar(255) DEFAULT NULL,
  PRIMARY KEY (`id`)
) ENGINE=InnoDB  DEFAULT CHARSET=latin1 AUTO_INCREMENT=2 ;

--
-- Volcado de datos para la tabla `fclientes`
--

INSERT INTO `fclientes` (`id`, `d`, `b`, `c`) VALUES
(1, 'sdds', 'sddsd', 'sdsdsd');

-- --------------------------------------------------------

--
-- Estructura de tabla para la tabla `ficha_clientes`
--

CREATE TABLE IF NOT EXISTS `ficha_clientes` (
  `id` int(11) NOT NULL AUTO_INCREMENT,
  `usuario_id` int(11) DEFAULT NULL,
  `nombre_apellidos` varchar(255) DEFAULT NULL,
  `estado` enum('cancelado','activo') DEFAULT NULL,
  PRIMARY KEY (`id`)
) ENGINE=MyISAM  DEFAULT CHARSET=latin1 ROW_FORMAT=DYNAMIC AUTO_INCREMENT=2 ;

--
-- Volcado de datos para la tabla `ficha_clientes`
--

INSERT INTO `ficha_clientes` (`id`, `usuario_id`, `nombre_apellidos`, `estado`) VALUES
(1, 110, 'Carlos Gómez García', 'activo');

-- --------------------------------------------------------

--
-- Estructura de tabla para la tabla `procesos`
--

CREATE TABLE IF NOT EXISTS `procesos` (
  `id_proceso` int(11) NOT NULL AUTO_INCREMENT,
  `proceso` varchar(255) DEFAULT NULL,
  `estado_proceso` enum('activo','cancelado','eliminado') DEFAULT 'activo',
  PRIMARY KEY (`id_proceso`),
  UNIQUE KEY `id_proceso` (`id_proceso`)
) ENGINE=MyISAM  DEFAULT CHARSET=latin1 AUTO_INCREMENT=10 ;

--
-- Volcado de datos para la tabla `procesos`
--

INSERT INTO `procesos` (`id_proceso`, `proceso`, `estado_proceso`) VALUES
(2, 'Capital Humano', 'activo'),
(3, 'Servicios Financieros', 'activo'),
(4, 'Publicaciones y Estudio de Mercado', 'activo'),
(5, 'Evaluación de Inversiones', 'activo'),
(6, 'Gestión Informática', 'activo'),
(7, 'Gestión Logística', 'activo'),
(8, 'Gestión Económica', 'activo'),
(9, 'Gestión de Riesgo', 'activo'),
(1, 'Dirección', 'activo');

-- --------------------------------------------------------

--
-- Estructura de tabla para la tabla `tipos_servicios`
--

CREATE TABLE IF NOT EXISTS `tipos_servicios` (
  `id_servicio` int(10) NOT NULL AUTO_INCREMENT,
  `nombre_servicio` varchar(255) DEFAULT NULL,
  `descripcion` text,
  `estado` int(1) NOT NULL DEFAULT '1' COMMENT '1 Activo, 0 Inactivo',
  PRIMARY KEY (`id_servicio`)
) ENGINE=MyISAM  DEFAULT CHARSET=latin1 AVG_ROW_LENGTH=48 AUTO_INCREMENT=193 ;

--
-- Volcado de datos para la tabla `tipos_servicios`
--

INSERT INTO `tipos_servicios` (`id_servicio`, `nombre_servicio`, `descripcion`, `estado`) VALUES
(1, 'Alojamiento y Gastronomí­a', '', 1),
(2, 'Alquiler de locales', NULL, 1),
(3, 'Arreglos con elementos naturales', NULL, 1),
(133, 'Venta de terminal telefonico ', '', 1),
(6, 'Arrendamiento de inmuebles y disfrute de uso.', NULL, 1),
(7, 'Auditoria Financiera', NULL, 1),
(8, 'Compraventa de Alimentos Instantáneos', NULL, 1),
(9, 'Compraventa de Desechos Reciclables', NULL, 1),
(10, 'Compraventa de Mercancías', NULL, 1),
(11, 'Compraventa de Obras de Artes Plásticas', NULL, 1),
(12, 'Compraventa de Productos Farmaceuticos', NULL, 1),
(120, 'Señalización vertical y horizontal ', '', 1),
(14, 'Compraventa Piezas de Equipos', NULL, 1),
(15, 'Compraventa toner recuperados', NULL, 1),
(16, 'Desconexión eléctrica, desmontaje mecánico y traslado de Grupo Electrogeno hacia nueva sede.', NULL, 1),
(17, 'Desmontaje, repación, mantenimiento y puesta en marcha de equipos de climatización. Asistencia técnica', NULL, 1),
(18, 'Diagnóstico, reparación y puesta en marcha de SPLIT.', NULL, 1),
(19, 'Diseño  y Arte Final Manual de Identidad Visual', NULL, 1),
(20, 'Diseño de Revista Reporte Anual 2013', NULL, 1),
(21, 'Diseño del Servicio de Protección', NULL, 1),
(22, 'Disgnóstico y montaje equipos de climatización', NULL, 1),
(23, 'Emisión y uso de Tarjetas Prepagadas', NULL, 1),
(24, 'Equipamiento de Climatizacion', NULL, 1),
(25, 'Evaluación Ingenieril', NULL, 1),
(26, 'Examinar y Dictaminar Estados Financieros', NULL, 1),
(27, 'Ferreteria Hidraulica, Eléctrica e Iluminación', NULL, 1),
(28, 'Ferretería, Accesorios, Equipos, Materiales de Oficina', NULL, 1),
(29, 'Importación de Productos', NULL, 1),
(30, 'Inspeccion Técnica para evaluación ingenieril de procesos de inversion', NULL, 1),
(31, 'Instalación Papeles de Seguridad', NULL, 1),
(32, 'Levantamiento Diagnóstico Sistema Eléctrico', NULL, 1),
(33, 'Manipulación de mobiliario, traslado, colocación y acomodo', NULL, 1),
(34, 'Mantenimiento y Reparación de Medios de Transporte', NULL, 1),
(35, 'Mantenimiento, Reparación y Venta de Piezas', NULL, 1),
(36, 'Montaje, Instalación, Reparación y Mantenimiento', NULL, 1),
(37, 'Notificación de Antecedentes Penales', NULL, 1),
(132, 'Venta de productos artisticos', '', 1),
(39, 'Prestación de Servicios Alimenticios', NULL, 1),
(40, 'Prestación de Servicios Asistencia Técnica', NULL, 1),
(41, 'Prestacion de Servicios Gastronomicos', NULL, 1),
(42, 'Prestación de Servicios Técnicos', NULL, 1),
(43, 'Producción y Venta de Muebles', NULL, 1),
(44, 'Proyecto Protección con agentes de seguridad', NULL, 1),
(45, 'Publicación de Anuncios', NULL, 1),
(46, 'Publicacion Finanzas al Dia', NULL, 1),
(47, 'Publicidad Paginas Amarillas', NULL, 1),
(48, 'Reparación y/o defectación de equipos CANON', NULL, 1),
(49, 'Reparación, mantenimiento de equipos automotores, de manipulación de carga y de izaje', NULL, 1),
(50, 'Servicio Celular', NULL, 1),
(51, 'Servicio de mensajes PAGING', NULL, 1),
(52, 'Servicio de Monitoreo y respuesta de Alarma', NULL, 1),
(53, 'Servicio de Recogida de Desechos Sólidos', NULL, 1),
(54, 'Servicio de Suministro de Electricidad', NULL, 1),
(131, 'Servicios de Confecciones Textiles', '', 1),
(130, 'Servicios Tecnicos a equipos', '', 1),
(58, 'Servicios Asociados a Grupos Electrogenos', NULL, 1),
(59, 'Servicios de Acueducto y Alcantarillado', NULL, 1),
(60, 'Servicios de Análisis de Riesgos de Incendio y/o Explosión', NULL, 1),
(61, 'Servicios de Auditoria Inicial', NULL, 1),
(62, 'Servicios de Automatizacion', NULL, 1),
(129, 'Servicio de Estacionamiento', '', 1),
(65, 'Servicios de Consultoría y Asesoría', NULL, 1),
(66, 'Servicios de Defectación, instalación, reparación y mantenimiento de equipos.', NULL, 1),
(67, 'Servicios de emisión y uso de tarjeta prepagada', NULL, 1),
(68, 'Servicios de Formación y Difusión del conocimiento', NULL, 1),
(69, 'Servicios de Fumigación', NULL, 1),
(70, 'Servicios de Hospedaje', NULL, 1),
(71, 'Servicios de Instalación, puesta en marcha y garantía del Sistema de Control de Acceso de Personal', NULL, 1),
(72, 'Servicios de Mantenimiento', NULL, 1),
(73, 'Servicios de Protección', NULL, 1),
(74, 'Servicios de reparación y mantenimiento', NULL, 1),
(75, 'Servicios de Software y Licencias', NULL, 1),
(76, 'Servicios de Soporte Tecnico', NULL, 1),
(77, 'Servicios de Suministro', NULL, 1),
(128, 'Servicios generales para vehiculos automotores', '', 1),
(80, 'Servicios de Telecomunicaciones', NULL, 1),
(81, 'Servicios Especializados de Protección', NULL, 1),
(83, 'Servicios Informáticos asociados a la Licencia de Uso de productos', NULL, 1),
(84, 'Servicios Publicitarios', NULL, 1),
(85, 'Servicios Técnicos de Mantenimiento y Reparación de Averí­as', NULL, 1),
(127, 'Servicios de baja, revision y diagnostico tecnico', '', 1),
(87, 'Servicios Tecnicos de Seguridad', NULL, 1),
(88, 'Soporte Tecnico y Mantenimiento', NULL, 1),
(89, 'Suministro de muebles', NULL, 1),
(126, 'Servicios de Transportacion', '', 1),
(92, 'Suscripción a revistas y periódicos nacionales', NULL, 1),
(125, 'Servicios de Postventa', '', 1),
(95, 'Transportacion Terrestre de Pasajeros', NULL, 1),
(96, 'Venta de Café', NULL, 1),
(97, 'Venta de mercancias', NULL, 1),
(98, 'Venta de partes y piezas', NULL, 1),
(124, 'Servicio de Automatizacion Integral', '', 1),
(100, 'Venta de productos de telecomunicaciones', NULL, 1),
(101, 'Venta de UPS', NULL, 1),
(102, 'Venta y/o instalacion de pizarra', NULL, 1),
(123, 'Comunicacion Visual', '', 1),
(121, 'Servicios Informaticos', '', 1),
(122, 'Identificar necesidades de informatizacion', '', 1),
(134, 'Servicios de elaboracion y montaje de producciones industriales', '', 1),
(135, 'Servicio de apertura de cuentas', '', 1),
(136, 'Servicios artisticos', '', 1),
(137, 'Transferencia de Activos Fijos Tangibles', '', 1),
(138, 'Instalacion de sistema automatico para control de alumbrado exterior', '', 1),
(139, 'Diseño del folleto Hoy en el Mercado', '', 1),
(140, 'Elaboración e Implementación de Plan de emergencia de Incendios', '', 1),
(141, 'Compraventa de Toner', '', 1),
(142, 'Servicios de Infocomunicaciones', '', 1),
(143, 'Diseño y Arte Final de ', '', 1),
(144, 'Diseño y Arte Final de Sistema de Señaletica', '', 1),
(145, 'Diseño de invitaciones, plegables, reconocimientos, elementos volumetricos y videos institucionales', '', 1),
(146, 'Transmision de Datos', '', 1),
(147, 'Diagnostico y actualizacion del Reglamento Organico', '', 1),
(148, 'Restauración de almuerzos, cenas, celebración de eventos', '', 1),
(149, 'Servicio de instalación, montaje y puesta en marcha de equipamiento', '', 1),
(150, 'Mantenimiento y reparación de averías', '', 1),
(151, 'Compraventa e instalación de pizarras', '', 1),
(152, 'Servicios de Capacitación y Adiestramiento a personal', '', 1),
(153, 'Suministro de mercancías', '', 1),
(154, 'Encargo de Obras de Artes Plásticas y aplicadas', '', 1),
(155, 'Servicios de mantenimiento y otros asociados', '', 1),
(156, 'Elaboracion de Plan de Seguridad Informatica', '', 1),
(157, 'Certificacion del Sistema de Gestion de la Calidad', '', 1),
(158, 'Entrenamientos Tematicos', '', 1),
(159, 'Auditoría Especial', '', 1),
(160, 'Rehabilitación del sistema eléctrico', '', 1),
(161, 'Balance de carga eléctrica en alimentación de equipos de clima', '', 1),
(162, 'Gestion del Conocimiento', '', 1),
(163, 'Mantenimiento, inspeccion, diagnostico, reparacion, re-acondicionamiento, remotorizacion, chapisteria, pintura, montaje y puesta en marcha', '', 1),
(164, 'Arrendamiento', '', 1),
(165, 'Mantenimiento Constructivo', '', 1),
(166, 'Diseño de 5 carteles institucionales y otros', '', 1),
(167, 'Diseño de habilitación integral para marcas', '', 1),
(168, 'Confección del Plan de Protección Física', '', 1),
(169, 'Prestación de Servicios', '', 1),
(170, 'Compraventa Mayorista', '', 1),
(171, 'Productos de Software Antivirus de kASPERSKY LAB.', '', 1),
(172, 'Compraventa de Productos de Higiene y Limpieza', '', 1),
(173, 'Servicios de Automatización Integral', '', 1),
(174, 'Servicio de Diseño de anuncio de paginas amarrillas', '', 1),
(175, 'Servicio de otorgamiento, registro y renovación anual de nombres de dominio de Internet', '', 1),
(176, 'Compraventa', '', 1),
(177, 'Servicio de Alojamiento', '', 1),
(178, 'Contrato Marco de Servicios', '', 1),
(179, 'Servicio en Organización y celebración de eventos', '', 1),
(180, 'Servicios de Protección con la Central de Alarmas', '', 1),
(181, 'Empresa de Educación Vial y Conducción', '', 1),
(182, 'Prestación de Servicios', 'Servicios de Enseñanza Vial', 1),
(183, 'Adiestramiento Seguridad Informatica', 'Adiestramiento', 1),
(185, 'Certificación Sub sistema de Seguridad Informática', '', 1),
(186, 'Sevicio de Estacionamiento', '', 1),
(187, 'Contrato Marco', '', 1),
(188, 'Contrato de Compra- Venta e Instalación de Pizarra', '', 1),
(189, 'Contrato de obra por encargo', '', 1),
(190, 'Condiciones generales para la suscripción a revistas y períodicos', '', 1),
(191, 'Contrato de Representación para prestacion de servicios', '', 1),
(192, 'prueba lianet', '', 0);

--
-- Restricciones para tablas volcadas
--

--
-- Filtros para la tabla `contrato_ficha`
--
ALTER TABLE `contrato_ficha`
  ADD CONSTRAINT `contrato_id` FOREIGN KEY (`contrato_id`) REFERENCES `contratro_provedor` (`id_contrato`) ON UPDATE CASCADE;

/*!40101 SET CHARACTER_SET_CLIENT=@OLD_CHARACTER_SET_CLIENT */;
/*!40101 SET CHARACTER_SET_RESULTS=@OLD_CHARACTER_SET_RESULTS */;
/*!40101 SET COLLATION_CONNECTION=@OLD_COLLATION_CONNECTION */;
